tick,day,type,species,id,x,y,energy,active,size,intensity
0,0.000000,agent,bluegill,0,0.680000,0.500000,1.000000,1,0.300000,0.000000
0,0.000000,agent,bluegill,1,0.676067,0.537424,1.000000,1,0.300000,0.000000
0,0.000000,agent,bluegill,2,0.664438,0.573213,1.000000,1,0.300000,0.000000
0,0.000000,agent,bluegill,3,0.645623,0.605801,1.000000,1,0.300000,0.000000
0,0.000000,agent,bluegill,4,0.620444,0.633766,1.000000,1,0.300000,0.000000
0,0.000000,agent,bluegill,5,0.590000,0.655885,1.000000,1,0.300000,0.000000
0,0.000000,agent,bluegill,6,0.555623,0.671190,1.000000,1,0.300000,0.000000
0,0.000000,agent,bluegill,7,0.518815,0.679014,1.000000,1,0.300000,0.000000
0,0.000000,agent,bluegill,8,0.481185,0.679014,1.000000,1,0.300000,0.000000
0,0.000000,agent,bluegill,9,0.444377,0.671190,1.000000,1,0.300000,0.000000
0,0.000000,agent,bluegill,10,0.410000,0.655885,1.000000,1,0.300000,0.000000
0,0.000000,agent,bluegill,11,0.379556,0.633766,1.000000,1,0.300000,0.000000
0,0.000000,agent,bluegill,12,0.354377,0.605801,1.000000,1,0.300000,0.000000
0,0.000000,agent,bluegill,13,0.335562,0.573213,1.000000,1,0.300000,0.000000
0,0.000000,agent,bluegill,14,0.323933,0.537424,1.000000,1,0.300000,0.000000
0,0.000000,agent,bluegill,15,0.320000,0.500000,1.000000,1,0.300000,0.000000
0,0.000000,agent,bluegill,16,0.323933,0.462576,1.000000,1,0.300000,0.000000
0,0.000000,agent,bluegill,17,0.335562,0.426787,1.000000,1,0.300000,0.000000
0,0.000000,agent,bluegill,18,0.354377,0.394199,1.000000,1,0.300000,0.000000
0,0.000000,agent,bluegill,19,0.379557,0.366234,1.000000,1,0.300000,0.000000
0,0.000000,agent,bluegill,20,0.410000,0.344115,1.000000,1,0.300000,0.000000
0,0.000000,agent,bluegill,21,0.444377,0.328810,1.000000,1,0.300000,0.000000
0,0.000000,agent,bluegill,22,0.481185,0.320986,1.000000,1,0.300000,0.000000
0,0.000000,agent,bluegill,23,0.518815,0.320986,1.000000,1,0.300000,0.000000
0,0.000000,agent,bluegill,24,0.555623,0.328810,1.000000,1,0.300000,0.000000
0,0.000000,agent,bluegill,25,0.590000,0.344115,1.000000,1,0.300000,0.000000
0,0.000000,agent,bluegill,26,0.620444,0.366234,1.000000,1,0.300000,0.000000
0,0.000000,agent,bluegill,27,0.645623,0.394199,1.000000,1,0.300000,0.000000
0,0.000000,agent,bluegill,28,0.664438,0.426787,1.000000,1,0.300000,0.000000
0,0.000000,agent,bluegill,29,0.676067,0.462576,1.000000,1,0.300000,0.000000
0,0.000000,agent,minnow,30,0.595534,0.529552,1.050000,1,0.075000,0.000000
0,0.000000,agent,minnow,31,0.591076,0.541293,1.050000,1,0.075000,0.000000
0,0.000000,agent,minnow,32,0.585183,0.552382,1.050000,1,0.075000,0.000000
0,0.000000,agent,minnow,33,0.577946,0.562645,1.050000,1,0.075000,0.000000
0,0.000000,agent,minnow,34,0.569480,0.571920,1.050000,1,0.075000,0.000000
0,0.000000,agent,minnow,35,0.559918,0.580061,1.050000,1,0.075000,0.000000
0,0.000000,agent,minnow,36,0.549411,0.586940,1.050000,1,0.075000,0.000000
0,0.000000,agent,minnow,37,0.538125,0.592447,1.050000,1,0.075000,0.000000
0,0.000000,agent,minnow,38,0.526238,0.596496,1.050000,1,0.075000,0.000000
0,0.000000,agent,minnow,39,0.513937,0.599024,1.050000,1,0.075000,0.000000
0,0.000000,agent,minnow,40,0.501416,0.599990,1.050000,1,0.075000,0.000000
0,0.000000,agent,minnow,41,0.488873,0.599379,1.050000,1,0.075000,0.000000
0,0.000000,agent,minnow,42,0.476505,0.597201,1.050000,1,0.075000,0.000000
0,0.000000,agent,minnow,43,0.464508,0.593490,1.050000,1,0.075000,0.000000
0,0.000000,agent,minnow,44,0.453070,0.588304,1.050000,1,0.075000,0.000000
0,0.000000,agent,minnow,45,0.442373,0.581726,1.050000,1,0.075000,0.000000
0,0.000000,agent,minnow,46,0.432584,0.573859,1.050000,1,0.075000,0.000000
0,0.000000,agent,minnow,47,0.423859,0.564827,1.050000,1,0.075000,0.000000
0,0.000000,agent,minnow,48,0.416334,0.554773,1.050000,1,0.075000,0.000000
0,0.000000,agent,minnow,49,0.410129,0.543855,1.050000,1,0.075000,0.000000
0,0.000000,agent,minnow,50,0.405341,0.532245,1.050000,1,0.075000,0.000000
0,0.000000,agent,minnow,51,0.402046,0.520127,1.050000,1,0.075000,0.000000
0,0.000000,agent,minnow,52,0.400296,0.507692,1.050000,1,0.075000,0.000000
0,0.000000,agent,minnow,53,0.400118,0.495135,1.050000,1,0.075000,0.000000
0,0.000000,agent,minnow,54,0.401516,0.482655,1.050000,1,0.075000,0.000000
0,0.000000,agent,minnow,55,0.404466,0.470448,1.050000,1,0.075000,0.000000
0,0.000000,agent,minnow,56,0.408924,0.458707,1.050000,1,0.075000,0.000000
0,0.000000,agent,minnow,57,0.414817,0.447618,1.050000,1,0.075000,0.000000
0,0.000000,agent,minnow,58,0.422054,0.437355,1.050000,1,0.075000,0.000000
0,0.000000,agent,minnow,59,0.430520,0.428080,1.050000,1,0.075000,0.000000
0,0.000000,agent,minnow,60,0.440082,0.419939,1.050000,1,0.075000,0.000000
0,0.000000,agent,minnow,61,0.450589,0.413060,1.050000,1,0.075000,0.000000
0,0.000000,agent,minnow,62,0.461875,0.407553,1.050000,1,0.075000,0.000000
0,0.000000,agent,minnow,63,0.473762,0.403503,1.050000,1,0.075000,0.000000
0,0.000000,agent,minnow,64,0.486063,0.400976,1.050000,1,0.075000,0.000000
0,0.000000,agent,minnow,65,0.498584,0.400010,1.050000,1,0.075000,0.000000
0,0.000000,agent,minnow,66,0.511127,0.400621,1.050000,1,0.075000,0.000000
0,0.000000,agent,minnow,67,0.523495,0.402799,1.050000,1,0.075000,0.000000
0,0.000000,agent,minnow,68,0.535492,0.406510,1.050000,1,0.075000,0.000000
0,0.000000,agent,minnow,69,0.546930,0.411696,1.050000,1,0.075000,0.000000
0,0.000000,agent,minnow,70,0.557627,0.418274,1.050000,1,0.075000,0.000000
0,0.000000,agent,minnow,71,0.567416,0.426141,1.050000,1,0.075000,0.000000
0,0.000000,agent,minnow,72,0.576141,0.435173,1.050000,1,0.075000,0.000000
0,0.000000,agent,minnow,73,0.583666,0.445227,1.050000,1,0.075000,0.000000
0,0.000000,agent,minnow,74,0.589871,0.456145,1.050000,1,0.075000,0.000000
0,0.000000,agent,minnow,75,0.594659,0.467755,1.050000,1,0.075000,0.000000
0,0.000000,agent,minnow,76,0.597954,0.479873,1.050000,1,0.075000,0.000000
0,0.000000,agent,minnow,77,0.599704,0.492309,1.050000,1,0.075000,0.000000
0,0.000000,agent,minnow,78,0.599882,0.504865,1.050000,1,0.075000,0.000000
0,0.000000,agent,minnow,79,0.598484,0.517346,1.050000,1,0.075000,0.000000
0,0.000000,agent,bass,80,0.820000,0.500000,1.250000,1,1.260000,0.000000
0,0.000000,food,food,0,0.000000,0.171717,0.000000,1,0.000000,0.000000
0,0.000000,food,food,1,0.373737,0.787879,0.000000,1,0.000000,0.000000
0,0.000000,food,food,2,0.747475,0.393939,0.000000,1,0.000000,0.000000
0,0.000000,food,food,3,0.111111,0.000000,0.000000,1,0.000000,0.000000
0,0.000000,food,food,4,0.484848,0.616162,0.000000,1,0.000000,0.000000
0,0.000000,food,food,5,0.858586,0.222222,0.000000,1,0.000000,0.000000
0,0.000000,food,food,6,0.222222,0.838384,0.000000,1,0.000000,0.000000
0,0.000000,food,food,7,0.595960,0.444444,0.000000,1,0.000000,0.000000
0,0.000000,food,food,8,0.969697,0.050505,0.000000,1,0.000000,0.000000
0,0.000000,food,food,9,0.333333,0.666667,0.000000,1,0.000000,0.000000
0,0.000000,food,food,10,0.707071,0.272727,0.000000,1,0.000000,0.000000
0,0.000000,food,food,11,0.070707,0.888889,0.000000,1,0.000000,0.000000
0,0.000000,food,food,12,0.444444,0.494949,0.000000,1,0.000000,0.000000
0,0.000000,food,food,13,0.818182,0.101010,0.000000,1,0.000000,0.000000
0,0.000000,food,food,14,0.181818,0.717172,0.000000,1,0.000000,0.000000
0,0.000000,food,food,15,0.555556,0.323232,0.000000,1,0.000000,0.000000
0,0.000000,food,food,16,0.929293,0.939394,0.000000,1,0.000000,0.000000
0,0.000000,food,food,17,0.292929,0.545455,0.000000,1,0.000000,0.000000
0,0.000000,food,food,18,0.666667,0.151515,0.000000,1,0.000000,0.000000
0,0.000000,food,food,19,0.030303,0.767677,0.000000,1,0.000000,0.000000
0,0.000000,food,food,20,0.404040,0.373737,0.000000,1,0.000000,0.000000
0,0.000000,food,food,21,0.777778,0.989899,0.000000,1,0.000000,0.000000
0,0.000000,food,food,22,0.141414,0.595960,0.000000,1,0.000000,0.000000
0,0.000000,food,food,23,0.515152,0.202020,0.000000,1,0.000000,0.000000
0,0.000000,food,food,24,0.888889,0.818182,0.000000,1,0.000000,0.000000
0,0.000000,food,food,25,0.252525,0.424242,0.000000,1,0.000000,0.000000
0,0.000000,food,food,26,0.626263,0.030303,0.000000,1,0.000000,0.000000
0,0.000000,food,food,27,1.000000,0.646465,0.000000,1,0.000000,0.000000
0,0.000000,food,food,28,0.363636,0.252525,0.000000,1,0.000000,0.000000
0,0.000000,food,food,29,0.737374,0.868687,0.000000,1,0.000000,0.000000
0,0.000000,food,food,30,0.101010,0.474747,0.000000,1,0.000000,0.000000
0,0.000000,food,food,31,0.474747,0.080808,0.000000,1,0.000000,0.000000
0,0.000000,food,food,32,0.848485,0.696970,0.000000,1,0.000000,0.000000
0,0.000000,food,food,33,0.212121,0.303030,0.000000,1,0.000000,0.000000
0,0.000000,food,food,34,0.585859,0.919192,0.000000,1,0.000000,0.000000
0,0.000000,food,food,35,0.959596,0.525253,0.000000,1,0.000000,0.000000
0,0.000000,food,food,36,0.323232,0.131313,0.000000,1,0.000000,0.000000
0,0.000000,food,food,37,0.696970,0.747475,0.000000,1,0.000000,0.000000
0,0.000000,food,food,38,0.060606,0.353535,0.000000,1,0.000000,0.000000
0,0.000000,food,food,39,0.434343,0.969697,0.000000,1,0.000000,0.000000
0,0.000000,food,food,40,0.808081,0.575758,0.000000,1,0.000000,0.000000
0,0.000000,food,food,41,0.171717,0.181818,0.000000,1,0.000000,0.000000
0,0.000000,food,food,42,0.545455,0.797980,0.000000,1,0.000000,0.000000
0,0.000000,food,food,43,0.919192,0.404040,0.000000,1,0.000000,0.000000
0,0.000000,food,food,44,0.282828,0.010101,0.000000,1,0.000000,0.000000
0,0.000000,food,food,45,0.656566,0.626263,0.000000,1,0.000000,0.000000
0,0.000000,food,food,46,0.020202,0.232323,0.000000,1,0.000000,0.000000
0,0.000000,food,food,47,0.393939,0.848485,0.000000,1,0.000000,0.000000
0,0.000000,food,food,48,0.767677,0.454545,0.000000,1,0.000000,0.000000
0,0.000000,food,food,49,0.131313,0.060606,0.000000,1,0.000000,0.000000
0,0.000000,food,food,50,0.505050,0.676768,0.000000,1,0.000000,0.000000
0,0.000000,food,food,51,0.878788,0.282828,0.000000,1,0.000000,0.000000
0,0.000000,food,food,52,0.242424,0.898990,0.000000,1,0.000000,0.000000
0,0.000000,food,food,53,0.616162,0.505050,0.000000,1,0.000000,0.000000
0,0.000000,food,food,54,0.989899,0.111111,0.000000,1,0.000000,0.000000
0,0.000000,food,food,55,0.353535,0.727273,0.000000,1,0.000000,0.000000
0,0.000000,food,food,56,0.727273,0.333333,0.000000,1,0.000000,0.000000
0,0.000000,food,food,57,0.090909,0.949495,0.000000,1,0.000000,0.000000
0,0.000000,food,food,58,0.464646,0.555556,0.000000,1,0.000000,0.000000
0,0.000000,food,food,59,0.838384,0.161616,0.000000,1,0.000000,0.000000
0,0.000000,food,food,60,0.202020,0.777778,0.000000,1,0.000000,0.000000
0,0.000000,food,food,61,0.575758,0.383838,0.000000,1,0.000000,0.000000
0,0.000000,food,food,62,0.949495,1.000000,0.000000,1,0.000000,0.000000
0,0.000000,food,food,63,0.313131,0.606061,0.000000,1,0.000000,0.000000
0,0.000000,food,food,64,0.686869,0.212121,0.000000,1,0.000000,0.000000
0,0.000000,food,food,65,0.050505,0.828283,0.000000,1,0.000000,0.000000
0,0.000000,food,food,66,0.424242,0.434343,0.000000,1,0.000000,0.000000
0,0.000000,food,food,67,0.797980,0.040404,0.000000,1,0.000000,0.000000
0,0.000000,food,food,68,0.161616,0.656566,0.000000,1,0.000000,0.000000
0,0.000000,food,food,69,0.535354,0.262626,0.000000,1,0.000000,0.000000
0,0.000000,food,food,70,0.909091,0.878788,0.000000,1,0.000000,0.000000
0,0.000000,food,food,71,0.272727,0.484848,0.000000,1,0.000000,0.000000
0,0.000000,food,food,72,0.646465,0.090909,0.000000,1,0.000000,0.000000
0,0.000000,food,food,73,0.010101,0.707071,0.000000,1,0.000000,0.000000
0,0.000000,food,food,74,0.383838,0.313131,0.000000,1,0.000000,0.000000
0,0.000000,food,food,75,0.757576,0.929293,0.000000,1,0.000000,0.000000
0,0.000000,food,food,76,0.121212,0.535354,0.000000,1,0.000000,0.000000
0,0.000000,food,food,77,0.494949,0.141414,0.000000,1,0.000000,0.000000
0,0.000000,food,food,78,0.868687,0.757576,0.000000,1,0.000000,0.000000
0,0.000000,food,food,79,0.232323,0.363636,0.000000,1,0.000000,0.000000
0,0.000000,food,food,80,0.606061,0.979798,0.000000,1,0.000000,0.000000
0,0.000000,food,food,81,0.979798,0.585859,0.000000,1,0.000000,0.000000
0,0.000000,food,food,82,0.343434,0.191919,0.000000,1,0.000000,0.000000
0,0.000000,food,food,83,0.717172,0.808081,0.000000,1,0.000000,0.000000
0,0.000000,food,food,84,0.080808,0.414141,0.000000,1,0.000000,0.000000
0,0.000000,food,food,85,0.454545,0.020202,0.000000,1,0.000000,0.000000
0,0.000000,food,food,86,0.828283,0.636364,0.000000,1,0.000000,0.000000
0,0.000000,food,food,87,0.191919,0.242424,0.000000,1,0.000000,0.000000
0,0.000000,food,food,88,0.565657,0.858586,0.000000,1,0.000000,0.000000
0,0.000000,food,food,89,0.939394,0.464646,0.000000,1,0.000000,0.000000
0,0.000000,food,food,90,0.303030,0.070707,0.000000,1,0.000000,0.000000
0,0.000000,food,food,91,0.676768,0.686869,0.000000,1,0.000000,0.000000
0,0.000000,food,food,92,0.040404,0.292929,0.000000,1,0.000000,0.000000
0,0.000000,food,food,93,0.414141,0.909091,0.000000,1,0.000000,0.000000
0,0.000000,food,food,94,0.787879,0.515152,0.000000,1,0.000000,0.000000
0,0.000000,food,food,95,0.151515,0.121212,0.000000,1,0.000000,0.000000
0,0.000000,food,food,96,0.525253,0.737374,0.000000,1,0.000000,0.000000
0,0.000000,food,food,97,0.898990,0.343434,0.000000,1,0.000000,0.000000
0,0.000000,food,food,98,0.262626,0.959596,0.000000,1,0.000000,0.000000
0,0.000000,food,food,99,0.636364,0.565657,0.000000,1,0.000000,0.000000
0,0.000000,food,food,100,0.000000,0.171717,0.000000,1,0.000000,0.000000
0,0.000000,food,food,101,0.373737,0.787879,0.000000,1,0.000000,0.000000
0,0.000000,food,food,102,0.747475,0.393939,0.000000,1,0.000000,0.000000
0,0.000000,food,food,103,0.111111,0.000000,0.000000,1,0.000000,0.000000
0,0.000000,food,food,104,0.484848,0.616162,0.000000,1,0.000000,0.000000
0,0.000000,food,food,105,0.858586,0.222222,0.000000,1,0.000000,0.000000
0,0.000000,food,food,106,0.222222,0.838384,0.000000,1,0.000000,0.000000
0,0.000000,food,food,107,0.595960,0.444444,0.000000,1,0.000000,0.000000
0,0.000000,food,food,108,0.969697,0.050505,0.000000,1,0.000000,0.000000
0,0.000000,food,food,109,0.333333,0.666667,0.000000,1,0.000000,0.000000
0,0.000000,food,food,110,0.707071,0.272727,0.000000,1,0.000000,0.000000
0,0.000000,food,food,111,0.070707,0.888889,0.000000,1,0.000000,0.000000
0,0.000000,food,food,112,0.444444,0.494949,0.000000,1,0.000000,0.000000
0,0.000000,food,food,113,0.818182,0.101010,0.000000,1,0.000000,0.000000
0,0.000000,food,food,114,0.181818,0.717172,0.000000,1,0.000000,0.000000
0,0.000000,food,food,115,0.555556,0.323232,0.000000,1,0.000000,0.000000
0,0.000000,food,food,116,0.929293,0.939394,0.000000,1,0.000000,0.000000
0,0.000000,food,food,117,0.292929,0.545455,0.000000,1,0.000000,0.000000
0,0.000000,food,food,118,0.666667,0.151515,0.000000,1,0.000000,0.000000
0,0.000000,food,food,119,0.030303,0.767677,0.000000,1,0.000000,0.000000
0,0.000000,food,food,120,0.404040,0.373737,0.000000,1,0.000000,0.000000
0,0.000000,food,food,121,0.777778,0.989899,0.000000,1,0.000000,0.000000
0,0.000000,food,food,122,0.141414,0.595960,0.000000,1,0.000000,0.000000
0,0.000000,food,food,123,0.515152,0.202020,0.000000,1,0.000000,0.000000
0,0.000000,food,food,124,0.888889,0.818182,0.000000,1,0.000000,0.000000
0,0.000000,food,food,125,0.252525,0.424242,0.000000,1,0.000000,0.000000
0,0.000000,food,food,126,0.626263,0.030303,0.000000,1,0.000000,0.000000
0,0.000000,food,food,127,1.000000,0.646465,0.000000,1,0.000000,0.000000
0,0.000000,food,food,128,0.363636,0.252525,0.000000,1,0.000000,0.000000
0,0.000000,food,food,129,0.737374,0.868687,0.000000,1,0.000000,0.000000
0,0.000000,food,food,130,0.101010,0.474747,0.000000,1,0.000000,0.000000
0,0.000000,food,food,131,0.474747,0.080808,0.000000,1,0.000000,0.000000
0,0.000000,food,food,132,0.848485,0.696970,0.000000,1,0.000000,0.000000
0,0.000000,food,food,133,0.212121,0.303030,0.000000,1,0.000000,0.000000
0,0.000000,food,food,134,0.585859,0.919192,0.000000,1,0.000000,0.000000
0,0.000000,food,food,135,0.959596,0.525253,0.000000,1,0.000000,0.000000
0,0.000000,food,food,136,0.323232,0.131313,0.000000,1,0.000000,0.000000
0,0.000000,food,food,137,0.696970,0.747475,0.000000,1,0.000000,0.000000
0,0.000000,food,food,138,0.060606,0.353535,0.000000,1,0.000000,0.000000
0,0.000000,food,food,139,0.434343,0.969697,0.000000,1,0.000000,0.000000
0,0.000000,food,food,140,0.808081,0.575758,0.000000,1,0.000000,0.000000
0,0.000000,food,food,141,0.171717,0.181818,0.000000,1,0.000000,0.000000
0,0.000000,food,food,142,0.545455,0.797980,0.000000,1,0.000000,0.000000
0,0.000000,food,food,143,0.919192,0.404040,0.000000,1,0.000000,0.000000
0,0.000000,food,food,144,0.282828,0.010101,0.000000,1,0.000000,0.000000
0,0.000000,food,food,145,0.656566,0.626263,0.000000,1,0.000000,0.000000
0,0.000000,food,food,146,0.020202,0.232323,0.000000,1,0.000000,0.000000
0,0.000000,food,food,147,0.393939,0.848485,0.000000,1,0.000000,0.000000
0,0.000000,food,food,148,0.767677,0.454545,0.000000,1,0.000000,0.000000
0,0.000000,food,food,149,0.131313,0.060606,0.000000,1,0.000000,0.000000
0,0.000000,food,food,150,0.505050,0.676768,0.000000,1,0.000000,0.000000
0,0.000000,food,food,151,0.878788,0.282828,0.000000,1,0.000000,0.000000
0,0.000000,food,food,152,0.242424,0.898990,0.000000,1,0.000000,0.000000
0,0.000000,food,food,153,0.616162,0.505050,0.000000,1,0.000000,0.000000
0,0.000000,food,food,154,0.989899,0.111111,0.000000,1,0.000000,0.000000
0,0.000000,food,food,155,0.353535,0.727273,0.000000,1,0.000000,0.000000
0,0.000000,food,food,156,0.727273,0.333333,0.000000,1,0.000000,0.000000
0,0.000000,food,food,157,0.090909,0.949495,0.000000,1,0.000000,0.000000
0,0.000000,food,food,158,0.464646,0.555556,0.000000,1,0.000000,0.000000
0,0.000000,food,food,159,0.838384,0.161616,0.000000,1,0.000000,0.000000
0,0.000000,food,food,160,0.202020,0.777778,0.000000,1,0.000000,0.000000
0,0.000000,food,food,161,0.575758,0.383838,0.000000,1,0.000000,0.000000
0,0.000000,food,food,162,0.949495,1.000000,0.000000,1,0.000000,0.000000
0,0.000000,food,food,163,0.313131,0.606061,0.000000,1,0.000000,0.000000
0,0.000000,food,food,164,0.686869,0.212121,0.000000,1,0.000000,0.000000
0,0.000000,food,food,165,0.050505,0.828283,0.000000,1,0.000000,0.000000
0,0.000000,food,food,166,0.424242,0.434343,0.000000,1,0.000000,0.000000
0,0.000000,food,food,167,0.797980,0.040404,0.000000,1,0.000000,0.000000
0,0.000000,food,food,168,0.161616,0.656566,0.000000,1,0.000000,0.000000
0,0.000000,food,food,169,0.535354,0.262626,0.000000,1,0.000000,0.000000
0,0.000000,food,food,170,0.909091,0.878788,0.000000,1,0.000000,0.000000
0,0.000000,food,food,171,0.272727,0.484848,0.000000,1,0.000000,0.000000
0,0.000000,food,food,172,0.646465,0.090909,0.000000,1,0.000000,0.000000
0,0.000000,food,food,173,0.010101,0.707071,0.000000,1,0.000000,0.000000
0,0.000000,food,food,174,0.383838,0.313131,0.000000,1,0.000000,0.000000
0,0.000000,food,food,175,0.757576,0.929293,0.000000,1,0.000000,0.000000
0,0.000000,food,food,176,0.121212,0.535354,0.000000,1,0.000000,0.000000
0,0.000000,food,food,177,0.494949,0.141414,0.000000,1,0.000000,0.000000
0,0.000000,food,food,178,0.868687,0.757576,0.000000,1,0.000000,0.000000
0,0.000000,food,food,179,0.232323,0.363636,0.000000,1,0.000000,0.000000
0,0.000000,food,food,180,0.606061,0.979798,0.000000,1,0.000000,0.000000
0,0.000000,food,food,181,0.979798,0.585859,0.000000,1,0.000000,0.000000
0,0.000000,food,food,182,0.343434,0.191919,0.000000,1,0.000000,0.000000
0,0.000000,food,food,183,0.717172,0.808081,0.000000,1,0.000000,0.000000
0,0.000000,food,food,184,0.080808,0.414141,0.000000,1,0.000000,0.000000
0,0.000000,food,food,185,0.454545,0.020202,0.000000,1,0.000000,0.000000
0,0.000000,food,food,186,0.828283,0.636364,0.000000,1,0.000000,0.000000
0,0.000000,food,food,187,0.191919,0.242424,0.000000,1,0.000000,0.000000
0,0.000000,food,food,188,0.565657,0.858586,0.000000,1,0.000000,0.000000
0,0.000000,food,food,189,0.939394,0.464646,0.000000,1,0.000000,0.000000
0,0.000000,food,food,190,0.303030,0.070707,0.000000,1,0.000000,0.000000
0,0.000000,food,food,191,0.676768,0.686869,0.000000,1,0.000000,0.000000
0,0.000000,food,food,192,0.040404,0.292929,0.000000,1,0.000000,0.000000
0,0.000000,food,food,193,0.414141,0.909091,0.000000,1,0.000000,0.000000
0,0.000000,food,food,194,0.787879,0.515152,0.000000,1,0.000000,0.000000
0,0.000000,food,food,195,0.151515,0.121212,0.000000,1,0.000000,0.000000
0,0.000000,food,food,196,0.525253,0.737374,0.000000,1,0.000000,0.000000
0,0.000000,food,food,197,0.898990,0.343434,0.000000,1,0.000000,0.000000
0,0.000000,food,food,198,0.262626,0.959596,0.000000,1,0.000000,0.000000
0,0.000000,food,food,199,0.636364,0.565657,0.000000,1,0.000000,0.000000
0,0.000000,food,food,200,0.000000,0.171717,0.000000,1,0.000000,0.000000
0,0.000000,food,food,201,0.373737,0.787879,0.000000,1,0.000000,0.000000
0,0.000000,food,food,202,0.747475,0.393939,0.000000,1,0.000000,0.000000
0,0.000000,food,food,203,0.111111,0.000000,0.000000,1,0.000000,0.000000
0,0.000000,food,food,204,0.484848,0.616162,0.000000,1,0.000000,0.000000
0,0.000000,food,food,205,0.858586,0.222222,0.000000,1,0.000000,0.000000
0,0.000000,food,food,206,0.222222,0.838384,0.000000,1,0.000000,0.000000
0,0.000000,food,food,207,0.595960,0.444444,0.000000,1,0.000000,0.000000
0,0.000000,food,food,208,0.969697,0.050505,0.000000,1,0.000000,0.000000
0,0.000000,food,food,209,0.333333,0.666667,0.000000,1,0.000000,0.000000
0,0.000000,food,food,210,0.707071,0.272727,0.000000,1,0.000000,0.000000
0,0.000000,food,food,211,0.070707,0.888889,0.000000,1,0.000000,0.000000
0,0.000000,food,food,212,0.444444,0.494949,0.000000,1,0.000000,0.000000
0,0.000000,food,food,213,0.818182,0.101010,0.000000,1,0.000000,0.000000
0,0.000000,food,food,214,0.181818,0.717172,0.000000,1,0.000000,0.000000
0,0.000000,food,food,215,0.555556,0.323232,0.000000,1,0.000000,0.000000
0,0.000000,food,food,216,0.929293,0.939394,0.000000,1,0.000000,0.000000
0,0.000000,food,food,217,0.292929,0.545455,0.000000,1,0.000000,0.000000
0,0.000000,food,food,218,0.666667,0.151515,0.000000,1,0.000000,0.000000
0,0.000000,food,food,219,0.030303,0.767677,0.000000,1,0.000000,0.000000
0,0.000000,food,food,220,0.404040,0.373737,0.000000,1,0.000000,0.000000
0,0.000000,food,food,221,0.777778,0.989899,0.000000,1,0.000000,0.000000
0,0.000000,food,food,222,0.141414,0.595960,0.000000,1,0.000000,0.000000
0,0.000000,food,food,223,0.515152,0.202020,0.000000,1,0.000000,0.000000
0,0.000000,food,food,224,0.888889,0.818182,0.000000,1,0.000000,0.000000
0,0.000000,food,food,225,0.252525,0.424242,0.000000,1,0.000000,0.000000
0,0.000000,food,food,226,0.626263,0.030303,0.000000,1,0.000000,0.000000
0,0.000000,food,food,227,1.000000,0.646465,0.000000,1,0.000000,0.000000
0,0.000000,food,food,228,0.363636,0.252525,0.000000,1,0.000000,0.000000
0,0.000000,food,food,229,0.737374,0.868687,0.000000,1,0.000000,0.000000
0,0.000000,food,food,230,0.101010,0.474747,0.000000,1,0.000000,0.000000
0,0.000000,food,food,231,0.474747,0.080808,0.000000,1,0.000000,0.000000
0,0.000000,food,food,232,0.848485,0.696970,0.000000,1,0.000000,0.000000
0,0.000000,food,food,233,0.212121,0.303030,0.000000,1,0.000000,0.000000
0,0.000000,food,food,234,0.585859,0.919192,0.000000,1,0.000000,0.000000
0,0.000000,food,food,235,0.959596,0.525253,0.000000,1,0.000000,0.000000
0,0.000000,food,food,236,0.323232,0.131313,0.000000,1,0.000000,0.000000
0,0.000000,food,food,237,0.696970,0.747475,0.000000,1,0.000000,0.000000
0,0.000000,food,food,238,0.060606,0.353535,0.000000,1,0.000000,0.000000
0,0.000000,food,food,239,0.434343,0.969697,0.000000,1,0.000000,0.000000
0,0.000000,food,food,240,0.808081,0.575758,0.000000,1,0.000000,0.000000
0,0.000000,food,food,241,0.171717,0.181818,0.000000,1,0.000000,0.000000
0,0.000000,food,food,242,0.545455,0.797980,0.000000,1,0.000000,0.000000
0,0.000000,food,food,243,0.919192,0.404040,0.000000,1,0.000000,0.000000
0,0.000000,food,food,244,0.282828,0.010101,0.000000,1,0.000000,0.000000
0,0.000000,food,food,245,0.656566,0.626263,0.000000,1,0.000000,0.000000
0,0.000000,food,food,246,0.020202,0.232323,0.000000,1,0.000000,0.000000
0,0.000000,food,food,247,0.393939,0.848485,0.000000,1,0.000000,0.000000
0,0.000000,food,food,248,0.767677,0.454545,0.000000,1,0.000000,0.000000
0,0.000000,food,food,249,0.131313,0.060606,0.000000,1,0.000000,0.000000
0,0.000000,food,food,250,0.505050,0.676768,0.000000,1,0.000000,0.000000
0,0.000000,food,food,251,0.878788,0.282828,0.000000,1,0.000000,0.000000
0,0.000000,food,food,252,0.242424,0.898990,0.000000,1,0.000000,0.000000
0,0.000000,food,food,253,0.616162,0.505050,0.000000,1,0.000000,0.000000
0,0.000000,food,food,254,0.989899,0.111111,0.000000,1,0.000000,0.000000
0,0.000000,food,food,255,0.353535,0.727273,0.000000,1,0.000000,0.000000
0,0.000000,food,food,256,0.727273,0.333333,0.000000,1,0.000000,0.000000
0,0.000000,food,food,257,0.090909,0.949495,0.000000,1,0.000000,0.000000
0,0.000000,food,food,258,0.464646,0.555556,0.000000,1,0.000000,0.000000
0,0.000000,food,food,259,0.838384,0.161616,0.000000,1,0.000000,0.000000
0,0.000000,cover,cover,0,0.131313,0.262929,0.000000,1,0.000000,0.350000
0,0.000000,cover,cover,1,0.565657,0.000000,0.000000,1,0.000000,0.777778
0,0.000000,cover,cover,2,1.000000,0.717172,0.000000,1,0.000000,0.594444
0,0.000000,cover,cover,3,0.424242,0.439242,0.000000,1,0.000000,0.411111
0,0.000000,cover,cover,4,0.858586,0.161313,0.000000,1,0.000000,0.838889
0,0.000000,cover,cover,5,0.282828,0.818485,0.000000,1,0.000000,0.655556
0,0.000000,cover,cover,6,0.717172,0.540556,0.000000,1,0.000000,0.472222
0,0.000000,cover,cover,7,0.141414,0.262626,0.000000,1,0.000000,0.900000
0,0.000000,cover,cover,8,0.575758,0.994798,0.000000,1,0.000000,0.716667
0,0.000000,cover,cover,9,0.000000,0.716869,0.000000,1,0.000000,0.533333
0,0.000000,cover,cover,10,0.434343,0.363939,0.000000,1,0.000000,0.350000
0,0.000000,cover,cover,11,0.868687,0.086010,0.000000,1,0.000000,0.777778
0,0.000000,cover,cover,12,0.292929,0.818182,0.000000,1,0.000000,0.594444
0,0.000000,cover,cover,13,0.727273,0.540253,0.000000,1,0.000000,0.411111
0,0.000000,cover,cover,14,0.151515,0.262323,0.000000,1,0.000000,0.838889
0,0.000000,cover,cover,15,0.585859,0.919495,0.000000,1,0.000000,0.655556
0,0.000000,cover,cover,16,0.010101,0.641566,0.000000,1,0.000000,0.472222
0,0.000000,cover,cover,17,0.444444,0.363636,0.000000,1,0.000000,0.900000
0,0.000000,cover,cover,18,0.878788,0.085707,0.000000,1,0.000000,0.716667
0,0.000000,cover,cover,19,0.303030,0.817879,0.000000,1,0.000000,0.533333
0,0.000000,cover,cover,20,0.737374,0.464949,0.000000,1,0.000000,0.350000
0,0.000000,cover,cover,21,0.161616,0.187020,0.000000,1,0.000000,0.777778
0,0.000000,cover,cover,22,0.595960,0.919192,0.000000,1,0.000000,0.594444
0,0.000000,cover,cover,23,0.020202,0.641263,0.000000,1,0.000000,0.411111
0,0.000000,cover,cover,24,0.454545,0.363333,0.000000,1,0.000000,0.838889
0,0.000000,cover,cover,25,0.888889,0.010404,0.000000,1,0.000000,0.655556
0,0.000000,cover,cover,26,0.313131,0.742576,0.000000,1,0.000000,0.472222
0,0.000000,cover,cover,27,0.747475,0.464646,0.000000,1,0.000000,0.900000
0,0.000000,cover,cover,28,0.171717,0.186717,0.000000,1,0.000000,0.716667
0,0.000000,cover,cover,29,0.606061,0.918889,0.000000,1,0.000000,0.533333
0,0.000000,cover,cover,30,0.030303,0.565960,0.000000,1,0.000000,0.350000
0,0.000000,cover,cover,31,0.464646,0.288030,0.000000,1,0.000000,0.777778
0,0.000000,cover,cover,32,0.898990,0.010101,0.000000,1,0.000000,0.594444
0,0.000000,cover,cover,33,0.323232,0.742273,0.000000,1,0.000000,0.411111
0,0.000000,cover,cover,34,0.757576,0.464343,0.000000,1,0.000000,0.838889
0,0.000000,cover,cover,35,0.181818,0.111414,0.000000,1,0.000000,0.655556
0,0.000000,cover,cover,36,0.616162,0.843586,0.000000,1,0.000000,0.472222
0,0.000000,cover,cover,37,0.040404,0.565657,0.000000,1,0.000000,0.900000
0,0.000000,cover,cover,38,0.474747,0.287727,0.000000,1,0.000000,0.716667
0,0.000000,cover,cover,39,0.909091,1.000000,0.000000,1,0.000000,0.533333
0,0.000000,cover,cover,40,0.333333,0.666970,0.000000,1,0.000000,0.350000
0,0.000000,cover,cover,41,0.767677,0.389040,0.000000,1,0.000000,0.777778
0,0.000000,cover,cover,42,0.191919,0.111111,0.000000,1,0.000000,0.594444
0,0.000000,cover,cover,43,0.626263,0.843283,0.000000,1,0.000000,0.411111
0,0.000000,cover,cover,44,0.050505,0.565354,0.000000,1,0.000000,0.838889
0,0.000000,cover,cover,45,0.484848,0.212424,0.000000,1,0.000000,0.655556
0,0.000000,cover,cover,46,0.919192,0.944596,0.000000,1,0.000000,0.472222
0,0.000000,cover,cover,47,0.343434,0.666667,0.000000,1,0.000000,0.900000
0,0.000000,cover,cover,48,0.777778,0.388737,0.000000,1,0.000000,0.716667
0,0.000000,cover,cover,49,0.202020,0.110808,0.000000,1,0.000000,0.533333
0,0.000000,cover,cover,50,0.636364,0.767980,0.000000,1,0.000000,0.350000
0,0.000000,cover,cover,51,0.060606,0.490050,0.000000,1,0.000000,0.777778
0,0.000000,cover,cover,52,0.494949,0.212121,0.000000,1,0.000000,0.594444
0,0.000000,cover,cover,53,0.929293,0.944293,0.000000,1,0.000000,0.411111
0,0.000000,cover,cover,54,0.353535,0.666364,0.000000,1,0.000000,0.838889
0,0.000000,cover,cover,55,0.787879,0.313434,0.000000,1,0.000000,0.655556
0,0.000000,cover,cover,56,0.212121,0.035505,0.000000,1,0.000000,0.472222
0,0.000000,cover,cover,57,0.646465,0.767677,0.000000,1,0.000000,0.900000
0,0.000000,cover,cover,58,0.070707,0.489747,0.000000,1,0.000000,0.716667
0,0.000000,cover,cover,59,0.505050,0.211818,0.000000,1,0.000000,0.533333
0,0.000000,cover,cover,60,0.939394,0.868990,0.000000,1,0.000000,0.350000
0,0.000000,cover,cover,61,0.363636,0.591061,0.000000,1,0.000000,0.777778
0,0.000000,cover,cover,62,0.797980,0.313131,0.000000,1,0.000000,0.594444
0,0.000000,cover,cover,63,0.222222,0.035202,0.000000,1,0.000000,0.411111
0,0.000000,cover,cover,64,0.656566,0.767374,0.000000,1,0.000000,0.838889
0,0.000000,cover,cover,65,0.080808,0.414444,0.000000,1,0.000000,0.655556
0,0.000000,cover,cover,66,0.515152,0.136515,0.000000,1,0.000000,0.472222
0,0.000000,cover,cover,67,0.949495,0.868687,0.000000,1,0.000000,0.900000
0,0.000000,cover,cover,68,0.373737,0.590758,0.000000,1,0.000000,0.716667
0,0.000000,cover,cover,69,0.808081,0.312828,0.000000,1,0.000000,0.533333
0,0.000000,cover,cover,70,0.232323,0.970000,0.000000,1,0.000000,0.350000
0,0.000000,cover,cover,71,0.666667,0.692071,0.000000,1,0.000000,0.777778
0,0.000000,cover,cover,72,0.090909,0.414141,0.000000,1,0.000000,0.594444
0,0.000000,cover,cover,73,0.525253,0.136212,0.000000,1,0.000000,0.411111
0,0.000000,cover,cover,74,0.959596,0.868384,0.000000,1,0.000000,0.838889
0,0.000000,cover,cover,75,0.383838,0.515455,0.000000,1,0.000000,0.655556
0,0.000000,cover,cover,76,0.818182,0.237525,0.000000,1,0.000000,0.472222
0,0.000000,cover,cover,77,0.242424,0.969697,0.000000,1,0.000000,0.900000
0,0.000000,cover,cover,78,0.676768,0.691768,0.000000,1,0.000000,0.716667
0,0.000000,cover,cover,79,0.101010,0.413838,0.000000,1,0.000000,0.533333
0,0.000000,cover,cover,80,0.535354,0.060909,0.000000,1,0.000000,0.350000
0,0.000000,cover,cover,81,0.969697,0.793081,0.000000,1,0.000000,0.777778
0,0.000000,cover,cover,82,0.393939,0.515152,0.000000,1,0.000000,0.594444
0,0.000000,cover,cover,83,0.828283,0.237222,0.000000,1,0.000000,0.411111
0,0.000000,cover,cover,84,0.252525,0.969394,0.000000,1,0.000000,0.838889
0,0.000000,cover,cover,85,0.686869,0.616465,0.000000,1,0.000000,0.655556
0,0.000000,cover,cover,86,0.111111,0.338535,0.000000,1,0.000000,0.472222
0,0.000000,cover,cover,87,0.545455,0.060606,0.000000,1,0.000000,0.900000
0,0.000000,cover,cover,88,0.979798,0.792778,0.000000,1,0.000000,0.716667
0,0.000000,cover,cover,89,0.404040,0.514848,0.000000,1,0.000000,0.533333
0,0.000000,cover,cover,90,0.838384,0.161919,0.000000,1,0.000000,0.350000
0,0.000000,cover,cover,91,0.262626,0.894091,0.000000,1,0.000000,0.777778
0,0.000000,cover,cover,92,0.696970,0.616162,0.000000,1,0.000000,0.594444
0,0.000000,cover,cover,93,0.121212,0.338232,0.000000,1,0.000000,0.411111
0,0.000000,cover,cover,94,0.555556,0.060303,0.000000,1,0.000000,0.838889
0,0.000000,cover,cover,95,0.989899,0.717475,0.000000,1,0.000000,0.655556
0,0.000000,cover,cover,96,0.414141,0.439545,0.000000,1,0.000000,0.472222
0,0.000000,cover,cover,97,0.848485,0.161616,0.000000,1,0.000000,0.900000
0,0.000000,cover,cover,98,0.272727,0.893788,0.000000,1,0.000000,0.716667
0,0.000000,cover,cover,99,0.707071,0.615859,0.000000,1,0.000000,0.533333
1,0.010417,agent,bluegill,0,0.655078,0.501972,0.999300,1,0.300000,0.000000
1,0.010417,agent,bluegill,1,0.655693,0.551912,1.179300,1,0.300000,0.000000
1,0.010417,agent,bluegill,2,0.640297,0.566715,0.999300,1,0.300000,0.000000
1,0.010417,agent,bluegill,3,0.657413,0.627847,1.179300,1,0.300000,0.000000
1,0.010417,agent,bluegill,4,0.644921,0.628681,0.999300,1,0.300000,0.000000
1,0.010417,agent,bluegill,5,0.612841,0.645720,0.999300,1,0.300000,0.000000
1,0.010417,agent,bluegill,6,0.530774,0.673931,0.999300,1,0.300000,0.000000
1,0.010417,agent,bluegill,7,0.494141,0.674987,1.179300,1,0.300000,0.000000
1,0.010417,agent,bluegill,8,0.506075,0.676671,0.999300,1,0.300000,0.000000
1,0.010417,agent,bluegill,9,0.469272,0.673479,0.999300,1,0.300000,0.000000
1,0.010417,agent,bluegill,10,0.385244,0.659366,0.999300,1,0.300000,0.000000
1,0.010417,agent,bluegill,11,0.359189,0.648263,0.999300,1,0.300000,0.000000
1,0.010417,agent,bluegill,12,0.329377,0.605959,1.179300,1,0.300000,0.000000
1,0.010417,agent,bluegill,13,0.321464,0.593858,0.999300,1,0.300000,0.000000
1,0.010417,agent,bluegill,14,0.299732,0.543693,1.179300,1,0.300000,0.000000
1,0.010417,agent,bluegill,15,0.296193,0.492370,1.179300,1,0.300000,0.000000
1,0.010417,agent,bluegill,16,0.301008,0.472547,0.999300,1,0.300000,0.000000
1,0.010417,agent,bluegill,17,0.310574,0.426022,0.999300,1,0.300000,0.000000
1,0.010417,agent,bluegill,18,0.377492,0.384675,0.999300,1,0.300000,0.000000
1,0.010417,agent,bluegill,19,0.403459,0.373559,1.179300,1,0.300000,0.000000
1,0.010417,agent,bluegill,20,0.405069,0.368624,0.999300,1,0.300000,0.000000
1,0.010417,agent,bluegill,21,0.427675,0.347412,0.999300,1,0.300000,0.000000
1,0.010417,agent,bluegill,22,0.506173,0.321741,0.999300,1,0.300000,0.000000
1,0.010417,agent,bluegill,23,0.543769,0.322512,1.179300,1,0.300000,0.000000
1,0.010417,agent,bluegill,24,0.555321,0.303812,0.999300,1,0.300000,0.000000
1,0.010417,agent,bluegill,25,0.568622,0.331154,0.999300,1,0.300000,0.000000
1,0.010417,agent,bluegill,26,0.597183,0.375397,1.179300,1,0.300000,0.000000
1,0.010417,agent,bluegill,27,0.620894,0.390532,0.999300,1,0.300000,0.000000
1,0.010417,agent,bluegill,28,0.640230,0.433029,0.999300,1,0.300000,0.000000
1,0.010417,agent,bluegill,29,0.655673,0.477036,0.999300,1,0.300000,0.000000
1,0.010417,agent,minnow,30,0.611635,0.510427,1.229450,1,0.075000,0.000000
1,0.010417,agent,minnow,31,0.605305,0.520736,1.049450,1,0.075000,0.000000
1,0.010417,agent,minnow,32,0.609382,0.558658,1.049450,1,0.075000,0.000000
1,0.010417,agent,minnow,33,0.602913,0.563932,1.049450,1,0.075000,0.000000
1,0.010417,agent,minnow,34,0.594371,0.569589,1.049450,1,0.075000,0.000000
1,0.010417,agent,minnow,35,0.584486,0.575432,1.049450,1,0.075000,0.000000
1,0.010417,agent,minnow,36,0.526636,0.597248,1.049450,1,0.075000,0.000000
1,0.010417,agent,minnow,37,0.515286,0.602613,1.049450,1,0.075000,0.000000
1,0.010417,agent,minnow,38,0.503657,0.607225,1.229450,1,0.075000,0.000000
1,0.010417,agent,minnow,39,0.492397,0.611714,1.049450,1,0.075000,0.000000
1,0.010417,agent,minnow,40,0.483526,0.617453,1.049450,1,0.075000,0.000000
1,0.010417,agent,minnow,41,0.483043,0.623690,1.049450,1,0.075000,0.000000
1,0.010417,agent,minnow,42,0.486574,0.620083,1.049450,1,0.075000,0.000000
1,0.010417,agent,minnow,43,0.481203,0.612098,1.049450,1,0.075000,0.000000
1,0.010417,agent,minnow,44,0.461402,0.564733,1.229450,1,0.075000,0.000000
1,0.010417,agent,minnow,45,0.458576,0.562688,1.049450,1,0.075000,0.000000
1,0.010417,agent,minnow,46,0.454296,0.561465,1.049450,1,0.075000,0.000000
1,0.010417,agent,minnow,47,0.448237,0.559286,1.049450,1,0.075000,0.000000
1,0.010417,agent,minnow,48,0.441331,0.555178,1.049450,1,0.075000,0.000000
1,0.010417,agent,minnow,49,0.434573,0.549101,1.049450,1,0.075000,0.000000
1,0.010417,agent,minnow,50,0.423432,0.514991,1.049450,1,0.075000,0.000000
1,0.010417,agent,minnow,51,0.423542,0.507362,1.229450,1,0.075000,0.000000
1,0.010417,agent,minnow,52,0.424316,0.500759,1.049450,1,0.075000,0.000000
1,0.010417,agent,minnow,53,0.425118,0.495030,1.049450,1,0.075000,0.000000
1,0.010417,agent,minnow,54,0.425550,0.489538,1.049450,1,0.075000,0.000000
1,0.010417,agent,minnow,55,0.416476,0.448522,1.229450,1,0.075000,0.000000
1,0.010417,agent,minnow,56,0.422231,0.437543,1.049450,1,0.075000,0.000000
1,0.010417,agent,minnow,57,0.429290,0.427234,1.049450,1,0.075000,0.000000
1,0.010417,agent,minnow,58,0.436751,0.417131,1.049450,1,0.075000,0.000000
1,0.010417,agent,minnow,59,0.412823,0.445738,1.049450,1,0.075000,0.000000
1,0.010417,agent,minnow,60,0.421586,0.436759,1.049450,1,0.075000,0.000000
1,0.010417,agent,minnow,61,0.431141,0.428770,1.049450,1,0.075000,0.000000
1,0.010417,agent,minnow,62,0.441509,0.422052,1.049450,1,0.075000,0.000000
1,0.010417,agent,minnow,63,0.452541,0.416720,1.049450,1,0.075000,0.000000
1,0.010417,agent,minnow,64,0.464063,0.412850,1.049450,1,0.075000,0.000000
1,0.010417,agent,minnow,65,0.523053,0.394883,1.049450,1,0.075000,0.000000
1,0.010417,agent,minnow,66,0.535325,0.394338,1.049450,1,0.075000,0.000000
1,0.010417,agent,minnow,67,0.546996,0.394273,1.049450,1,0.075000,0.000000
1,0.010417,agent,minnow,68,0.557276,0.394245,1.229450,1,0.075000,0.000000
1,0.010417,agent,minnow,69,0.564907,0.394323,1.049450,1,0.075000,0.000000
1,0.010417,agent,minnow,70,0.569274,0.396153,1.049450,1,0.075000,0.000000
1,0.010417,agent,minnow,71,0.588461,0.439636,1.229450,1,0.075000,0.000000
1,0.010417,agent,minnow,72,0.598786,0.445767,1.049450,1,0.075000,0.000000
1,0.010417,agent,minnow,73,0.608615,0.443639,1.049450,1,0.075000,0.000000
1,0.010417,agent,minnow,74,0.601411,0.433968,1.049450,1,0.075000,0.000000
1,0.010417,agent,minnow,75,0.596052,0.442794,1.049450,1,0.075000,0.000000
1,0.010417,agent,minnow,76,0.612604,0.500131,1.229450,1,0.075000,0.000000
1,0.010417,agent,minnow,77,0.619472,0.507613,1.049450,1,0.075000,0.000000
1,0.010417,agent,minnow,78,0.624880,0.505150,1.049450,1,0.075000,0.000000
1,0.010417,agent,minnow,79,0.619008,0.503071,1.049450,1,0.075000,0.000000
1,0.010417,agent,bass,80,0.795000,0.500000,1.242500,1,1.260000,0.000000
1,0.010417,food,food,0,0.000000,0.171717,0.000000,1,0.000000,0.000000
1,0.010417,food,food,1,0.373737,0.787879,0.000000,1,0.000000,0.000000
1,0.010417,food,food,2,0.747475,0.393939,0.000000,1,0.000000,0.000000
1,0.010417,food,food,3,0.111111,0.000000,0.000000,1,0.000000,0.000000
1,0.010417,food,food,4,0.484848,0.616162,0.000000,1,0.000000,0.000000
1,0.010417,food,food,5,0.858586,0.222222,0.000000,1,0.000000,0.000000
1,0.010417,food,food,6,0.222222,0.838384,0.000000,1,0.000000,0.000000
1,0.010417,food,food,7,0.595960,0.444444,0.000000,1,0.000000,0.000000
1,0.010417,food,food,8,0.969697,0.050505,0.000000,1,0.000000,0.000000
1,0.010417,food,food,9,0.333333,0.666667,0.000000,1,0.000000,0.000000
1,0.010417,food,food,10,0.707071,0.272727,0.000000,1,0.000000,0.000000
1,0.010417,food,food,11,0.070707,0.888889,0.000000,1,0.000000,0.000000
1,0.010417,food,food,12,0.444444,0.494949,0.000000,1,0.000000,0.000000
1,0.010417,food,food,13,0.818182,0.101010,0.000000,1,0.000000,0.000000
1,0.010417,food,food,14,0.181818,0.717172,0.000000,1,0.000000,0.000000
1,0.010417,food,food,15,0.555556,0.323232,0.000000,1,0.000000,0.000000
1,0.010417,food,food,16,0.929293,0.939394,0.000000,1,0.000000,0.000000
1,0.010417,food,food,17,0.292929,0.545455,0.000000,1,0.000000,0.000000
1,0.010417,food,food,18,0.666667,0.151515,0.000000,1,0.000000,0.000000
1,0.010417,food,food,19,0.030303,0.767677,0.000000,1,0.000000,0.000000
1,0.010417,food,food,20,0.404040,0.373737,0.000000,1,0.000000,0.000000
1,0.010417,food,food,21,0.777778,0.989899,0.000000,1,0.000000,0.000000
1,0.010417,food,food,22,0.141414,0.595960,0.000000,1,0.000000,0.000000
1,0.010417,food,food,23,0.515152,0.202020,0.000000,1,0.000000,0.000000
1,0.010417,food,food,24,0.888889,0.818182,0.000000,1,0.000000,0.000000
1,0.010417,food,food,25,0.252525,0.424242,0.000000,1,0.000000,0.000000
1,0.010417,food,food,26,0.626263,0.030303,0.000000,1,0.000000,0.000000
1,0.010417,food,food,27,1.000000,0.646465,0.000000,1,0.000000,0.000000
1,0.010417,food,food,28,0.363636,0.252525,0.000000,1,0.000000,0.000000
1,0.010417,food,food,29,0.737374,0.868687,0.000000,1,0.000000,0.000000
1,0.010417,food,food,30,0.101010,0.474747,0.000000,1,0.000000,0.000000
1,0.010417,food,food,31,0.474747,0.080808,0.000000,1,0.000000,0.000000
1,0.010417,food,food,32,0.848485,0.696970,0.000000,1,0.000000,0.000000
1,0.010417,food,food,33,0.212121,0.303030,0.000000,1,0.000000,0.000000
1,0.010417,food,food,34,0.585859,0.919192,0.000000,1,0.000000,0.000000
1,0.010417,food,food,35,0.959596,0.525253,0.000000,1,0.000000,0.000000
1,0.010417,food,food,36,0.323232,0.131313,0.000000,1,0.000000,0.000000
1,0.010417,food,food,37,0.696970,0.747475,0.000000,1,0.000000,0.000000
1,0.010417,food,food,38,0.060606,0.353535,0.000000,1,0.000000,0.000000
1,0.010417,food,food,39,0.434343,0.969697,0.000000,1,0.000000,0.000000
1,0.010417,food,food,40,0.808081,0.575758,0.000000,1,0.000000,0.000000
1,0.010417,food,food,41,0.171717,0.181818,0.000000,1,0.000000,0.000000
1,0.010417,food,food,42,0.545455,0.797980,0.000000,1,0.000000,0.000000
1,0.010417,food,food,43,0.919192,0.404040,0.000000,1,0.000000,0.000000
1,0.010417,food,food,44,0.282828,0.010101,0.000000,1,0.000000,0.000000
1,0.010417,food,food,45,0.656566,0.626263,0.000000,1,0.000000,0.000000
1,0.010417,food,food,46,0.020202,0.232323,0.000000,1,0.000000,0.000000
1,0.010417,food,food,47,0.393939,0.848485,0.000000,1,0.000000,0.000000
1,0.010417,food,food,48,0.767677,0.454545,0.000000,1,0.000000,0.000000
1,0.010417,food,food,49,0.131313,0.060606,0.000000,1,0.000000,0.000000
1,0.010417,food,food,50,0.505050,0.676768,0.000000,1,0.000000,0.000000
1,0.010417,food,food,51,0.878788,0.282828,0.000000,1,0.000000,0.000000
1,0.010417,food,food,52,0.242424,0.898990,0.000000,1,0.000000,0.000000
1,0.010417,food,food,53,0.616162,0.505050,0.000000,1,0.000000,0.000000
1,0.010417,food,food,54,0.989899,0.111111,0.000000,1,0.000000,0.000000
1,0.010417,food,food,55,0.353535,0.727273,0.000000,1,0.000000,0.000000
1,0.010417,food,food,56,0.727273,0.333333,0.000000,1,0.000000,0.000000
1,0.010417,food,food,57,0.090909,0.949495,0.000000,1,0.000000,0.000000
1,0.010417,food,food,58,0.464646,0.555556,0.000000,1,0.000000,0.000000
1,0.010417,food,food,59,0.838384,0.161616,0.000000,1,0.000000,0.000000
1,0.010417,food,food,60,0.202020,0.777778,0.000000,1,0.000000,0.000000
1,0.010417,food,food,61,0.575758,0.383838,0.000000,0,0.000000,0.000000
1,0.010417,food,food,62,0.949495,1.000000,0.000000,1,0.000000,0.000000
1,0.010417,food,food,63,0.313131,0.606061,0.000000,1,0.000000,0.000000
1,0.010417,food,food,64,0.686869,0.212121,0.000000,1,0.000000,0.000000
1,0.010417,food,food,65,0.050505,0.828283,0.000000,1,0.000000,0.000000
1,0.010417,food,food,66,0.424242,0.434343,0.000000,1,0.000000,0.000000
1,0.010417,food,food,67,0.797980,0.040404,0.000000,1,0.000000,0.000000
1,0.010417,food,food,68,0.161616,0.656566,0.000000,1,0.000000,0.000000
1,0.010417,food,food,69,0.535354,0.262626,0.000000,1,0.000000,0.000000
1,0.010417,food,food,70,0.909091,0.878788,0.000000,1,0.000000,0.000000
1,0.010417,food,food,71,0.272727,0.484848,0.000000,1,0.000000,0.000000
1,0.010417,food,food,72,0.646465,0.090909,0.000000,1,0.000000,0.000000
1,0.010417,food,food,73,0.010101,0.707071,0.000000,1,0.000000,0.000000
1,0.010417,food,food,74,0.383838,0.313131,0.000000,1,0.000000,0.000000
1,0.010417,food,food,75,0.757576,0.929293,0.000000,1,0.000000,0.000000
1,0.010417,food,food,76,0.121212,0.535354,0.000000,1,0.000000,0.000000
1,0.010417,food,food,77,0.494949,0.141414,0.000000,1,0.000000,0.000000
1,0.010417,food,food,78,0.868687,0.757576,0.000000,1,0.000000,0.000000
1,0.010417,food,food,79,0.232323,0.363636,0.000000,1,0.000000,0.000000
1,0.010417,food,food,80,0.606061,0.979798,0.000000,1,0.000000,0.000000
1,0.010417,food,food,81,0.979798,0.585859,0.000000,1,0.000000,0.000000
1,0.010417,food,food,82,0.343434,0.191919,0.000000,1,0.000000,0.000000
1,0.010417,food,food,83,0.717172,0.808081,0.000000,1,0.000000,0.000000
1,0.010417,food,food,84,0.080808,0.414141,0.000000,1,0.000000,0.000000
1,0.010417,food,food,85,0.454545,0.020202,0.000000,1,0.000000,0.000000
1,0.010417,food,food,86,0.828283,0.636364,0.000000,1,0.000000,0.000000
1,0.010417,food,food,87,0.191919,0.242424,0.000000,1,0.000000,0.000000
1,0.010417,food,food,88,0.565657,0.858586,0.000000,1,0.000000,0.000000
1,0.010417,food,food,89,0.939394,0.464646,0.000000,1,0.000000,0.000000
1,0.010417,food,food,90,0.303030,0.070707,0.000000,1,0.000000,0.000000
1,0.010417,food,food,91,0.676768,0.686869,0.000000,1,0.000000,0.000000
1,0.010417,food,food,92,0.040404,0.292929,0.000000,1,0.000000,0.000000
1,0.010417,food,food,93,0.414141,0.909091,0.000000,1,0.000000,0.000000
1,0.010417,food,food,94,0.787879,0.515152,0.000000,1,0.000000,0.000000
1,0.010417,food,food,95,0.151515,0.121212,0.000000,1,0.000000,0.000000
1,0.010417,food,food,96,0.525253,0.737374,0.000000,1,0.000000,0.000000
1,0.010417,food,food,97,0.898990,0.343434,0.000000,1,0.000000,0.000000
1,0.010417,food,food,98,0.262626,0.959596,0.000000,1,0.000000,0.000000
1,0.010417,food,food,99,0.636364,0.565657,0.000000,1,0.000000,0.000000
1,0.010417,food,food,100,0.000000,0.171717,0.000000,1,0.000000,0.000000
1,0.010417,food,food,101,0.373737,0.787879,0.000000,1,0.000000,0.000000
1,0.010417,food,food,102,0.747475,0.393939,0.000000,1,0.000000,0.000000
1,0.010417,food,food,103,0.111111,0.000000,0.000000,1,0.000000,0.000000
1,0.010417,food,food,104,0.484848,0.616162,0.000000,1,0.000000,0.000000
1,0.010417,food,food,105,0.858586,0.222222,0.000000,1,0.000000,0.000000
1,0.010417,food,food,106,0.222222,0.838384,0.000000,1,0.000000,0.000000
1,0.010417,food,food,107,0.595960,0.444444,0.000000,1,0.000000,0.000000
1,0.010417,food,food,108,0.969697,0.050505,0.000000,1,0.000000,0.000000
1,0.010417,food,food,109,0.333333,0.666667,0.000000,1,0.000000,0.000000
1,0.010417,food,food,110,0.707071,0.272727,0.000000,1,0.000000,0.000000
1,0.010417,food,food,111,0.070707,0.888889,0.000000,1,0.000000,0.000000
1,0.010417,food,food,112,0.444444,0.494949,0.000000,1,0.000000,0.000000
1,0.010417,food,food,113,0.818182,0.101010,0.000000,1,0.000000,0.000000
1,0.010417,food,food,114,0.181818,0.717172,0.000000,1,0.000000,0.000000
1,0.010417,food,food,115,0.555556,0.323232,0.000000,1,0.000000,0.000000
1,0.010417,food,food,116,0.929293,0.939394,0.000000,1,0.000000,0.000000
1,0.010417,food,food,117,0.292929,0.545455,0.000000,1,0.000000,0.000000
1,0.010417,food,food,118,0.666667,0.151515,0.000000,1,0.000000,0.000000
1,0.010417,food,food,119,0.030303,0.767677,0.000000,1,0.000000,0.000000
1,0.010417,food,food,120,0.404040,0.373737,0.000000,1,0.000000,0.000000
1,0.010417,food,food,121,0.777778,0.989899,0.000000,1,0.000000,0.000000
1,0.010417,food,food,122,0.141414,0.595960,0.000000,1,0.000000,0.000000
1,0.010417,food,food,123,0.515152,0.202020,0.000000,1,0.000000,0.000000
1,0.010417,food,food,124,0.888889,0.818182,0.000000,1,0.000000,0.000000
1,0.010417,food,food,125,0.252525,0.424242,0.000000,1,0.000000,0.000000
1,0.010417,food,food,126,0.626263,0.030303,0.000000,1,0.000000,0.000000
1,0.010417,food,food,127,1.000000,0.646465,0.000000,1,0.000000,0.000000
1,0.010417,food,food,128,0.363636,0.252525,0.000000,1,0.000000,0.000000
1,0.010417,food,food,129,0.737374,0.868687,0.000000,1,0.000000,0.000000
1,0.010417,food,food,130,0.101010,0.474747,0.000000,1,0.000000,0.000000
1,0.010417,food,food,131,0.474747,0.080808,0.000000,1,0.000000,0.000000
1,0.010417,food,food,132,0.848485,0.696970,0.000000,1,0.000000,0.000000
1,0.010417,food,food,133,0.212121,0.303030,0.000000,1,0.000000,0.000000
1,0.010417,food,food,134,0.585859,0.919192,0.000000,1,0.000000,0.000000
1,0.010417,food,food,135,0.959596,0.525253,0.000000,1,0.000000,0.000000
1,0.010417,food,food,136,0.323232,0.131313,0.000000,1,0.000000,0.000000
1,0.010417,food,food,137,0.696970,0.747475,0.000000,1,0.000000,0.000000
1,0.010417,food,food,138,0.060606,0.353535,0.000000,1,0.000000,0.000000
1,0.010417,food,food,139,0.434343,0.969697,0.000000,1,0.000000,0.000000
1,0.010417,food,food,140,0.808081,0.575758,0.000000,1,0.000000,0.000000
1,0.010417,food,food,141,0.171717,0.181818,0.000000,1,0.000000,0.000000
1,0.010417,food,food,142,0.545455,0.797980,0.000000,1,0.000000,0.000000
1,0.010417,food,food,143,0.919192,0.404040,0.000000,1,0.000000,0.000000
1,0.010417,food,food,144,0.282828,0.010101,0.000000,1,0.000000,0.000000
1,0.010417,food,food,145,0.656566,0.626263,0.000000,1,0.000000,0.000000
1,0.010417,food,food,146,0.020202,0.232323,0.000000,1,0.000000,0.000000
1,0.010417,food,food,147,0.393939,0.848485,0.000000,1,0.000000,0.000000
1,0.010417,food,food,148,0.767677,0.454545,0.000000,1,0.000000,0.000000
1,0.010417,food,food,149,0.131313,0.060606,0.000000,1,0.000000,0.000000
1,0.010417,food,food,150,0.505050,0.676768,0.000000,1,0.000000,0.000000
1,0.010417,food,food,151,0.878788,0.282828,0.000000,1,0.000000,0.000000
1,0.010417,food,food,152,0.242424,0.898990,0.000000,1,0.000000,0.000000
1,0.010417,food,food,153,0.231666,0.638234,0.000000,1,0.000000,0.000000
1,0.010417,food,food,154,0.989899,0.111111,0.000000,1,0.000000,0.000000
1,0.010417,food,food,155,0.353535,0.727273,0.000000,1,0.000000,0.000000
1,0.010417,food,food,156,0.727273,0.333333,0.000000,1,0.000000,0.000000
1,0.010417,food,food,157,0.090909,0.949495,0.000000,1,0.000000,0.000000
1,0.010417,food,food,158,0.464646,0.555556,0.000000,1,0.000000,0.000000
1,0.010417,food,food,159,0.838384,0.161616,0.000000,1,0.000000,0.000000
1,0.010417,food,food,160,0.202020,0.777778,0.000000,1,0.000000,0.000000
1,0.010417,food,food,161,0.281747,0.971038,0.000000,1,0.000000,0.000000
1,0.010417,food,food,162,0.949495,1.000000,0.000000,1,0.000000,0.000000
1,0.010417,food,food,163,0.313131,0.606061,0.000000,0,0.000000,0.000000
1,0.010417,food,food,164,0.686869,0.212121,0.000000,1,0.000000,0.000000
1,0.010417,food,food,165,0.050505,0.828283,0.000000,1,0.000000,0.000000
1,0.010417,food,food,166,0.046968,0.151830,0.000000,1,0.000000,0.000000
1,0.010417,food,food,167,0.797980,0.040404,0.000000,1,0.000000,0.000000
1,0.010417,food,food,168,0.161616,0.656566,0.000000,1,0.000000,0.000000
1,0.010417,food,food,169,0.535354,0.262626,0.000000,1,0.000000,0.000000
1,0.010417,food,food,170,0.909091,0.878788,0.000000,1,0.000000,0.000000
1,0.010417,food,food,171,0.643880,0.348582,0.000000,1,0.000000,0.000000
1,0.010417,food,food,172,0.646465,0.090909,0.000000,1,0.000000,0.000000
1,0.010417,food,food,173,0.010101,0.707071,0.000000,1,0.000000,0.000000
1,0.010417,food,food,174,0.383838,0.313131,0.000000,1,0.000000,0.000000
1,0.010417,food,food,175,0.757576,0.929293,0.000000,1,0.000000,0.000000
1,0.010417,food,food,176,0.121212,0.535354,0.000000,1,0.000000,0.000000
1,0.010417,food,food,177,0.494949,0.141414,0.000000,1,0.000000,0.000000
1,0.010417,food,food,178,0.868687,0.757576,0.000000,1,0.000000,0.000000
1,0.010417,food,food,179,0.232323,0.363636,0.000000,1,0.000000,0.000000
1,0.010417,food,food,180,0.606061,0.979798,0.000000,1,0.000000,0.000000
1,0.010417,food,food,181,0.979798,0.585859,0.000000,1,0.000000,0.000000
1,0.010417,food,food,182,0.343434,0.191919,0.000000,1,0.000000,0.000000
1,0.010417,food,food,183,0.717172,0.808081,0.000000,1,0.000000,0.000000
1,0.010417,food,food,184,0.080808,0.414141,0.000000,1,0.000000,0.000000
1,0.010417,food,food,185,0.454545,0.020202,0.000000,1,0.000000,0.000000
1,0.010417,food,food,186,0.828283,0.636364,0.000000,1,0.000000,0.000000
1,0.010417,food,food,187,0.191919,0.242424,0.000000,1,0.000000,0.000000
1,0.010417,food,food,188,0.565657,0.858586,0.000000,1,0.000000,0.000000
1,0.010417,food,food,189,0.939394,0.464646,0.000000,1,0.000000,0.000000
1,0.010417,food,food,190,0.303030,0.070707,0.000000,1,0.000000,0.000000
1,0.010417,food,food,191,0.676768,0.686869,0.000000,1,0.000000,0.000000
1,0.010417,food,food,192,0.040404,0.292929,0.000000,1,0.000000,0.000000
1,0.010417,food,food,193,0.414141,0.909091,0.000000,1,0.000000,0.000000
1,0.010417,food,food,194,0.787879,0.515152,0.000000,1,0.000000,0.000000
1,0.010417,food,food,195,0.151515,0.121212,0.000000,1,0.000000,0.000000
1,0.010417,food,food,196,0.525253,0.737374,0.000000,1,0.000000,0.000000
1,0.010417,food,food,197,0.898990,0.343434,0.000000,1,0.000000,0.000000
1,0.010417,food,food,198,0.262626,0.959596,0.000000,1,0.000000,0.000000
1,0.010417,food,food,199,0.636364,0.565657,0.000000,0,0.000000,0.000000
1,0.010417,food,food,200,0.000000,0.171717,0.000000,1,0.000000,0.000000
1,0.010417,food,food,201,0.373737,0.787879,0.000000,1,0.000000,0.000000
1,0.010417,food,food,202,0.747475,0.393939,0.000000,1,0.000000,0.000000
1,0.010417,food,food,203,0.111111,0.000000,0.000000,1,0.000000,0.000000
1,0.010417,food,food,204,0.484848,0.616162,0.000000,0,0.000000,0.000000
1,0.010417,food,food,205,0.858586,0.222222,0.000000,1,0.000000,0.000000
1,0.010417,food,food,206,0.222222,0.838384,0.000000,1,0.000000,0.000000
1,0.010417,food,food,207,0.595960,0.444444,0.000000,0,0.000000,0.000000
1,0.010417,food,food,208,0.969697,0.050505,0.000000,1,0.000000,0.000000
1,0.010417,food,food,209,0.333333,0.666667,0.000000,1,0.000000,0.000000
1,0.010417,food,food,210,0.707071,0.272727,0.000000,1,0.000000,0.000000
1,0.010417,food,food,211,0.070707,0.888889,0.000000,1,0.000000,0.000000
1,0.010417,food,food,212,0.444444,0.494949,0.000000,0,0.000000,0.000000
1,0.010417,food,food,213,0.818182,0.101010,0.000000,1,0.000000,0.000000
1,0.010417,food,food,214,0.181818,0.717172,0.000000,1,0.000000,0.000000
1,0.010417,food,food,215,0.555556,0.323232,0.000000,0,0.000000,0.000000
1,0.010417,food,food,216,0.929293,0.939394,0.000000,1,0.000000,0.000000
1,0.010417,food,food,217,0.657521,0.337992,0.000000,1,0.000000,0.000000
1,0.010417,food,food,218,0.666667,0.151515,0.000000,1,0.000000,0.000000
1,0.010417,food,food,219,0.030303,0.767677,0.000000,1,0.000000,0.000000
1,0.010417,food,food,220,0.570025,0.535478,0.000000,1,0.000000,0.000000
1,0.010417,food,food,221,0.777778,0.989899,0.000000,1,0.000000,0.000000
1,0.010417,food,food,222,0.141414,0.595960,0.000000,1,0.000000,0.000000
1,0.010417,food,food,223,0.515152,0.202020,0.000000,1,0.000000,0.000000
1,0.010417,food,food,224,0.888889,0.818182,0.000000,1,0.000000,0.000000
1,0.010417,food,food,225,0.252525,0.424242,0.000000,1,0.000000,0.000000
1,0.010417,food,food,226,0.626263,0.030303,0.000000,1,0.000000,0.000000
1,0.010417,food,food,227,1.000000,0.646465,0.000000,1,0.000000,0.000000
1,0.010417,food,food,228,0.363636,0.252525,0.000000,1,0.000000,0.000000
1,0.010417,food,food,229,0.737374,0.868687,0.000000,1,0.000000,0.000000
1,0.010417,food,food,230,0.101010,0.474747,0.000000,1,0.000000,0.000000
1,0.010417,food,food,231,0.474747,0.080808,0.000000,1,0.000000,0.000000
1,0.010417,food,food,232,0.848485,0.696970,0.000000,1,0.000000,0.000000
1,0.010417,food,food,233,0.212121,0.303030,0.000000,1,0.000000,0.000000
1,0.010417,food,food,234,0.585859,0.919192,0.000000,1,0.000000,0.000000
1,0.010417,food,food,235,0.959596,0.525253,0.000000,1,0.000000,0.000000
1,0.010417,food,food,236,0.323232,0.131313,0.000000,1,0.000000,0.000000
1,0.010417,food,food,237,0.696970,0.747475,0.000000,1,0.000000,0.000000
1,0.010417,food,food,238,0.060606,0.353535,0.000000,1,0.000000,0.000000
1,0.010417,food,food,239,0.434343,0.969697,0.000000,1,0.000000,0.000000
1,0.010417,food,food,240,0.808081,0.575758,0.000000,1,0.000000,0.000000
1,0.010417,food,food,241,0.171717,0.181818,0.000000,1,0.000000,0.000000
1,0.010417,food,food,242,0.545455,0.797980,0.000000,1,0.000000,0.000000
1,0.010417,food,food,243,0.919192,0.404040,0.000000,1,0.000000,0.000000
1,0.010417,food,food,244,0.282828,0.010101,0.000000,1,0.000000,0.000000
1,0.010417,food,food,245,0.656566,0.626263,0.000000,0,0.000000,0.000000
1,0.010417,food,food,246,0.020202,0.232323,0.000000,1,0.000000,0.000000
1,0.010417,food,food,247,0.393939,0.848485,0.000000,1,0.000000,0.000000
1,0.010417,food,food,248,0.767677,0.454545,0.000000,1,0.000000,0.000000
1,0.010417,food,food,249,0.131313,0.060606,0.000000,1,0.000000,0.000000
1,0.010417,food,food,250,0.505050,0.676768,0.000000,0,0.000000,0.000000
1,0.010417,food,food,251,0.878788,0.282828,0.000000,1,0.000000,0.000000
1,0.010417,food,food,252,0.242424,0.898990,0.000000,1,0.000000,0.000000
1,0.010417,food,food,253,0.863338,0.426801,0.000000,1,0.000000,0.000000
1,0.010417,food,food,254,0.989899,0.111111,0.000000,1,0.000000,0.000000
1,0.010417,food,food,255,0.353535,0.727273,0.000000,1,0.000000,0.000000
1,0.010417,food,food,256,0.727273,0.333333,0.000000,1,0.000000,0.000000
1,0.010417,food,food,257,0.090909,0.949495,0.000000,1,0.000000,0.000000
1,0.010417,food,food,258,0.464646,0.555556,0.000000,0,0.000000,0.000000
1,0.010417,food,food,259,0.838384,0.161616,0.000000,1,0.000000,0.000000
1,0.010417,cover,cover,0,0.131313,0.262929,0.000000,1,0.000000,0.350000
1,0.010417,cover,cover,1,0.565657,0.000000,0.000000,1,0.000000,0.777778
1,0.010417,cover,cover,2,1.000000,0.717172,0.000000,1,0.000000,0.594444
1,0.010417,cover,cover,3,0.424242,0.439242,0.000000,1,0.000000,0.411111
1,0.010417,cover,cover,4,0.858586,0.161313,0.000000,1,0.000000,0.838889
1,0.010417,cover,cover,5,0.282828,0.818485,0.000000,1,0.000000,0.655556
1,0.010417,cover,cover,6,0.717172,0.540556,0.000000,1,0.000000,0.472222
1,0.010417,cover,cover,7,0.141414,0.262626,0.000000,1,0.000000,0.900000
1,0.010417,cover,cover,8,0.575758,0.994798,0.000000,1,0.000000,0.716667
1,0.010417,cover,cover,9,0.000000,0.716869,0.000000,1,0.000000,0.533333
1,0.010417,cover,cover,10,0.434343,0.363939,0.000000,1,0.000000,0.350000
1,0.010417,cover,cover,11,0.868687,0.086010,0.000000,1,0.000000,0.777778
1,0.010417,cover,cover,12,0.292929,0.818182,0.000000,1,0.000000,0.594444
1,0.010417,cover,cover,13,0.727273,0.540253,0.000000,1,0.000000,0.411111
1,0.010417,cover,cover,14,0.151515,0.262323,0.000000,1,0.000000,0.838889
1,0.010417,cover,cover,15,0.585859,0.919495,0.000000,1,0.000000,0.655556
1,0.010417,cover,cover,16,0.010101,0.641566,0.000000,1,0.000000,0.472222
1,0.010417,cover,cover,17,0.444444,0.363636,0.000000,1,0.000000,0.900000
1,0.010417,cover,cover,18,0.878788,0.085707,0.000000,1,0.000000,0.716667
1,0.010417,cover,cover,19,0.303030,0.817879,0.000000,1,0.000000,0.533333
1,0.010417,cover,cover,20,0.737374,0.464949,0.000000,1,0.000000,0.350000
1,0.010417,cover,cover,21,0.161616,0.187020,0.000000,1,0.000000,0.777778
1,0.010417,cover,cover,22,0.595960,0.919192,0.000000,1,0.000000,0.594444
1,0.010417,cover,cover,23,0.020202,0.641263,0.000000,1,0.000000,0.411111
1,0.010417,cover,cover,24,0.454545,0.363333,0.000000,1,0.000000,0.838889
1,0.010417,cover,cover,25,0.888889,0.010404,0.000000,1,0.000000,0.655556
1,0.010417,cover,cover,26,0.313131,0.742576,0.000000,1,0.000000,0.472222
1,0.010417,cover,cover,27,0.747475,0.464646,0.000000,1,0.000000,0.900000
1,0.010417,cover,cover,28,0.171717,0.186717,0.000000,1,0.000000,0.716667
1,0.010417,cover,cover,29,0.606061,0.918889,0.000000,1,0.000000,0.533333
1,0.010417,cover,cover,30,0.030303,0.565960,0.000000,1,0.000000,0.350000
1,0.010417,cover,cover,31,0.464646,0.288030,0.000000,1,0.000000,0.777778
1,0.010417,cover,cover,32,0.898990,0.010101,0.000000,1,0.000000,0.594444
1,0.010417,cover,cover,33,0.323232,0.742273,0.000000,1,0.000000,0.411111
1,0.010417,cover,cover,34,0.757576,0.464343,0.000000,1,0.000000,0.838889
1,0.010417,cover,cover,35,0.181818,0.111414,0.000000,1,0.000000,0.655556
1,0.010417,cover,cover,36,0.616162,0.843586,0.000000,1,0.000000,0.472222
1,0.010417,cover,cover,37,0.040404,0.565657,0.000000,1,0.000000,0.900000
1,0.010417,cover,cover,38,0.474747,0.287727,0.000000,1,0.000000,0.716667
1,0.010417,cover,cover,39,0.909091,1.000000,0.000000,1,0.000000,0.533333
1,0.010417,cover,cover,40,0.333333,0.666970,0.000000,1,0.000000,0.350000
1,0.010417,cover,cover,41,0.767677,0.389040,0.000000,1,0.000000,0.777778
1,0.010417,cover,cover,42,0.191919,0.111111,0.000000,1,0.000000,0.594444
1,0.010417,cover,cover,43,0.626263,0.843283,0.000000,1,0.000000,0.411111
1,0.010417,cover,cover,44,0.050505,0.565354,0.000000,1,0.000000,0.838889
1,0.010417,cover,cover,45,0.484848,0.212424,0.000000,1,0.000000,0.655556
1,0.010417,cover,cover,46,0.919192,0.944596,0.000000,1,0.000000,0.472222
1,0.010417,cover,cover,47,0.343434,0.666667,0.000000,1,0.000000,0.900000
1,0.010417,cover,cover,48,0.777778,0.388737,0.000000,1,0.000000,0.716667
1,0.010417,cover,cover,49,0.202020,0.110808,0.000000,1,0.000000,0.533333
1,0.010417,cover,cover,50,0.636364,0.767980,0.000000,1,0.000000,0.350000
1,0.010417,cover,cover,51,0.060606,0.490050,0.000000,1,0.000000,0.777778
1,0.010417,cover,cover,52,0.494949,0.212121,0.000000,1,0.000000,0.594444
1,0.010417,cover,cover,53,0.929293,0.944293,0.000000,1,0.000000,0.411111
1,0.010417,cover,cover,54,0.353535,0.666364,0.000000,1,0.000000,0.838889
1,0.010417,cover,cover,55,0.787879,0.313434,0.000000,1,0.000000,0.655556
1,0.010417,cover,cover,56,0.212121,0.035505,0.000000,1,0.000000,0.472222
1,0.010417,cover,cover,57,0.646465,0.767677,0.000000,1,0.000000,0.900000
1,0.010417,cover,cover,58,0.070707,0.489747,0.000000,1,0.000000,0.716667
1,0.010417,cover,cover,59,0.505050,0.211818,0.000000,1,0.000000,0.533333
1,0.010417,cover,cover,60,0.939394,0.868990,0.000000,1,0.000000,0.350000
1,0.010417,cover,cover,61,0.363636,0.591061,0.000000,1,0.000000,0.777778
1,0.010417,cover,cover,62,0.797980,0.313131,0.000000,1,0.000000,0.594444
1,0.010417,cover,cover,63,0.222222,0.035202,0.000000,1,0.000000,0.411111
1,0.010417,cover,cover,64,0.656566,0.767374,0.000000,1,0.000000,0.838889
1,0.010417,cover,cover,65,0.080808,0.414444,0.000000,1,0.000000,0.655556
1,0.010417,cover,cover,66,0.515152,0.136515,0.000000,1,0.000000,0.472222
1,0.010417,cover,cover,67,0.949495,0.868687,0.000000,1,0.000000,0.900000
1,0.010417,cover,cover,68,0.373737,0.590758,0.000000,1,0.000000,0.716667
1,0.010417,cover,cover,69,0.808081,0.312828,0.000000,1,0.000000,0.533333
1,0.010417,cover,cover,70,0.232323,0.970000,0.000000,1,0.000000,0.350000
1,0.010417,cover,cover,71,0.666667,0.692071,0.000000,1,0.000000,0.777778
1,0.010417,cover,cover,72,0.090909,0.414141,0.000000,1,0.000000,0.594444
1,0.010417,cover,cover,73,0.525253,0.136212,0.000000,1,0.000000,0.411111
1,0.010417,cover,cover,74,0.959596,0.868384,0.000000,1,0.000000,0.838889
1,0.010417,cover,cover,75,0.383838,0.515455,0.000000,1,0.000000,0.655556
1,0.010417,cover,cover,76,0.818182,0.237525,0.000000,1,0.000000,0.472222
1,0.010417,cover,cover,77,0.242424,0.969697,0.000000,1,0.000000,0.900000
1,0.010417,cover,cover,78,0.676768,0.691768,0.000000,1,0.000000,0.716667
1,0.010417,cover,cover,79,0.101010,0.413838,0.000000,1,0.000000,0.533333
1,0.010417,cover,cover,80,0.535354,0.060909,0.000000,1,0.000000,0.350000
1,0.010417,cover,cover,81,0.969697,0.793081,0.000000,1,0.000000,0.777778
1,0.010417,cover,cover,82,0.393939,0.515152,0.000000,1,0.000000,0.594444
1,0.010417,cover,cover,83,0.828283,0.237222,0.000000,1,0.000000,0.411111
1,0.010417,cover,cover,84,0.252525,0.969394,0.000000,1,0.000000,0.838889
1,0.010417,cover,cover,85,0.686869,0.616465,0.000000,1,0.000000,0.655556
1,0.010417,cover,cover,86,0.111111,0.338535,0.000000,1,0.000000,0.472222
1,0.010417,cover,cover,87,0.545455,0.060606,0.000000,1,0.000000,0.900000
1,0.010417,cover,cover,88,0.979798,0.792778,0.000000,1,0.000000,0.716667
1,0.010417,cover,cover,89,0.404040,0.514848,0.000000,1,0.000000,0.533333
1,0.010417,cover,cover,90,0.838384,0.161919,0.000000,1,0.000000,0.350000
1,0.010417,cover,cover,91,0.262626,0.894091,0.000000,1,0.000000,0.777778
1,0.010417,cover,cover,92,0.696970,0.616162,0.000000,1,0.000000,0.594444
1,0.010417,cover,cover,93,0.121212,0.338232,0.000000,1,0.000000,0.411111
1,0.010417,cover,cover,94,0.555556,0.060303,0.000000,1,0.000000,0.838889
1,0.010417,cover,cover,95,0.989899,0.717475,0.000000,1,0.000000,0.655556
1,0.010417,cover,cover,96,0.414141,0.439545,0.000000,1,0.000000,0.472222
1,0.010417,cover,cover,97,0.848485,0.161616,0.000000,1,0.000000,0.900000
1,0.010417,cover,cover,98,0.272727,0.893788,0.000000,1,0.000000,0.716667
1,0.010417,cover,cover,99,0.707071,0.615859,0.000000,1,0.000000,0.533333
2,0.020833,agent,bluegill,0,0.630156,0.503943,1.178600,1,0.300000,0.000000
2,0.020833,agent,bluegill,1,0.635318,0.566400,1.178600,1,0.300000,0.000000
2,0.020833,agent,bluegill,2,0.616156,0.560218,0.998600,1,0.300000,0.000000
2,0.020833,agent,bluegill,3,0.645623,0.605801,1.358600,1,0.300879,0.000000
2,0.020833,agent,bluegill,4,0.669398,0.623597,0.998600,1,0.300000,0.000000
2,0.020833,agent,bluegill,5,0.635681,0.635556,0.998600,1,0.300000,0.000000
2,0.020833,agent,bluegill,6,0.505924,0.676671,1.178600,1,0.300000,0.000000
2,0.020833,agent,bluegill,7,0.518815,0.679014,1.178600,1,0.300000,0.000000
2,0.020833,agent,bluegill,8,0.481185,0.679015,0.998600,1,0.300000,0.000000
2,0.020833,agent,bluegill,9,0.494167,0.675767,0.998600,1,0.300000,0.000000
2,0.020833,agent,bluegill,10,0.360487,0.662848,0.998600,1,0.300000,0.000000
2,0.020833,agent,bluegill,11,0.338822,0.662760,1.178600,1,0.300000,0.000000
2,0.020833,agent,bluegill,12,0.304378,0.606116,1.358600,1,0.300879,0.000000
2,0.020833,agent,bluegill,13,0.307366,0.614504,0.998600,1,0.300000,0.000000
2,0.020833,agent,bluegill,14,0.275531,0.549961,1.358600,1,0.300879,0.000000
2,0.020833,agent,bluegill,15,0.272386,0.484739,1.358600,1,0.300879,0.000000
2,0.020833,agent,bluegill,16,0.278083,0.482519,0.998600,1,0.300000,0.000000
2,0.020833,agent,bluegill,17,0.285585,0.425256,0.998600,1,0.300000,0.000000
2,0.020833,agent,bluegill,18,0.400607,0.375152,1.178600,1,0.300000,0.000000
2,0.020833,agent,bluegill,19,0.427362,0.380884,1.178600,1,0.300000,0.000000
2,0.020833,agent,bluegill,20,0.400138,0.393133,0.998600,1,0.300000,0.000000
2,0.020833,agent,bluegill,21,0.410974,0.366015,0.998600,1,0.300000,0.000000
2,0.020833,agent,bluegill,22,0.531162,0.322496,1.178600,1,0.300000,0.000000
2,0.020833,agent,bluegill,23,0.568722,0.324037,1.178600,1,0.300000,0.000000
2,0.020833,agent,bluegill,24,0.555623,0.328810,0.998600,1,0.300000,0.000000
2,0.020833,agent,bluegill,25,0.547244,0.318193,0.998600,1,0.300000,0.000000
2,0.020833,agent,bluegill,26,0.618863,0.362948,1.178600,1,0.300000,0.000000
2,0.020833,agent,bluegill,27,0.632907,0.368607,1.178600,1,0.300000,0.000000
2,0.020833,agent,bluegill,28,0.616022,0.439271,1.178600,1,0.300000,0.000000
2,0.020833,agent,bluegill,29,0.635279,0.491496,0.998600,1,0.300000,0.000000
2,0.020833,agent,minnow,30,0.627736,0.491303,1.228900,1,0.075000,0.000000
2,0.020833,agent,minnow,31,0.619533,0.500180,1.048900,1,0.075000,0.000000
2,0.020833,agent,minnow,32,0.633582,0.564935,1.228900,1,0.075000,0.000000
2,0.020833,agent,minnow,33,0.627880,0.565219,1.048900,1,0.075000,0.000000
2,0.020833,agent,minnow,34,0.579848,0.549241,1.228900,1,0.075000,0.000000
2,0.020833,agent,minnow,35,0.575977,0.551924,1.048900,1,0.075000,0.000000
2,0.020833,agent,minnow,36,0.503860,0.607557,1.228900,1,0.075000,0.000000
2,0.020833,agent,minnow,37,0.492446,0.612780,1.048900,1,0.075000,0.000000
2,0.020833,agent,minnow,38,0.481076,0.617954,1.228900,1,0.075000,0.000000
2,0.020833,agent,minnow,39,0.470857,0.624405,1.048900,1,0.075000,0.000000
2,0.020833,agent,minnow,40,0.501416,0.599990,1.048900,1,0.075000,0.000000
2,0.020833,agent,minnow,41,0.488873,0.599379,1.048900,1,0.075000,0.000000
2,0.020833,agent,minnow,42,0.476505,0.597201,1.048900,1,0.075000,0.000000
2,0.020833,agent,minnow,43,0.497898,0.630707,1.048900,1,0.075000,0.000000
2,0.020833,agent,minnow,44,0.469734,0.541163,1.408900,1,0.076634,0.000000
2,0.020833,agent,minnow,45,0.474780,0.543650,1.048900,1,0.075000,0.000000
2,0.020833,agent,minnow,46,0.476007,0.549070,1.048900,1,0.075000,0.000000
2,0.020833,agent,minnow,47,0.472615,0.553744,1.048900,1,0.075000,0.000000
2,0.020833,agent,minnow,48,0.466328,0.555583,1.048900,1,0.075000,0.000000
2,0.020833,agent,minnow,49,0.459016,0.554347,1.048900,1,0.075000,0.000000
2,0.020833,agent,minnow,50,0.441523,0.497736,1.228900,1,0.075000,0.000000
2,0.020833,agent,minnow,51,0.445037,0.494597,1.228900,1,0.075000,0.000000
2,0.020833,agent,minnow,52,0.448335,0.493826,1.048900,1,0.075000,0.000000
2,0.020833,agent,minnow,53,0.450118,0.494926,1.048900,1,0.075000,0.000000
2,0.020833,agent,minnow,54,0.449583,0.496421,1.048900,1,0.075000,0.000000
2,0.020833,agent,minnow,55,0.428486,0.426595,1.408900,1,0.076634,0.000000
2,0.020833,agent,minnow,56,0.435538,0.416379,1.048900,1,0.075000,0.000000
2,0.020833,agent,minnow,57,0.414817,0.447618,1.048900,1,0.075000,0.000000
2,0.020833,agent,minnow,58,0.422054,0.437355,1.048900,1,0.075000,0.000000
2,0.020833,agent,minnow,59,0.430520,0.428080,1.048900,1,0.075000,0.000000
2,0.020833,agent,minnow,60,0.440082,0.419939,1.048900,1,0.075000,0.000000
2,0.020833,agent,minnow,61,0.411694,0.444480,1.048900,1,0.075000,0.000000
2,0.020833,agent,minnow,62,0.421142,0.436550,1.048900,1,0.075000,0.000000
2,0.020833,agent,minnow,63,0.431320,0.429936,1.048900,1,0.075000,0.000000
2,0.020833,agent,minnow,64,0.443118,0.399202,1.048900,1,0.075000,0.000000
2,0.020833,agent,minnow,65,0.533381,0.372116,1.048900,1,0.075000,0.000000
2,0.020833,agent,minnow,66,0.542166,0.370292,1.048900,1,0.075000,0.000000
2,0.020833,agent,minnow,67,0.564457,0.412165,1.048900,1,0.075000,0.000000
2,0.020833,agent,minnow,68,0.572536,0.414047,1.228900,1,0.075000,0.000000
2,0.020833,agent,minnow,69,0.578074,0.415575,1.048900,1,0.075000,0.000000
2,0.020833,agent,minnow,70,0.581366,0.418034,1.048900,1,0.075000,0.000000
2,0.020833,agent,minnow,71,0.609506,0.453131,1.408900,1,0.076634,0.000000
2,0.020833,agent,minnow,72,0.576141,0.435173,1.048900,1,0.075000,0.000000
2,0.020833,agent,minnow,73,0.583666,0.445227,1.048900,1,0.075000,0.000000
2,0.020833,agent,minnow,74,0.589871,0.456145,1.048900,1,0.075000,0.000000
2,0.020833,agent,minnow,75,0.594658,0.467755,1.048900,1,0.075000,0.000000
2,0.020833,agent,minnow,76,0.605444,0.476178,1.228900,1,0.075000,0.000000
2,0.020833,agent,minnow,77,0.610751,0.484184,1.048900,1,0.075000,0.000000
2,0.020833,agent,minnow,78,0.614128,0.482580,1.048900,1,0.075000,0.000000
2,0.020833,agent,minnow,79,0.609861,0.479804,1.048900,1,0.075000,0.000000
2,0.020833,agent,bass,80,0.770002,0.500352,1.235000,1,1.260000,0.000000
2,0.020833,food,food,0,0.000000,0.171717,0.000000,1,0.000000,0.000000
2,0.020833,food,food,1,0.373737,0.787879,0.000000,1,0.000000,0.000000
2,0.020833,food,food,2,0.747475,0.393939,0.000000,1,0.000000,0.000000
2,0.020833,food,food,3,0.111111,0.000000,0.000000,1,0.000000,0.000000
2,0.020833,food,food,4,0.484848,0.616162,0.000000,1,0.000000,0.000000
2,0.020833,food,food,5,0.858586,0.222222,0.000000,1,0.000000,0.000000
2,0.020833,food,food,6,0.222222,0.838384,0.000000,1,0.000000,0.000000
2,0.020833,food,food,7,0.595960,0.444444,0.000000,0,0.000000,0.000000
2,0.020833,food,food,8,0.969697,0.050505,0.000000,1,0.000000,0.000000
2,0.020833,food,food,9,0.333333,0.666667,0.000000,1,0.000000,0.000000
2,0.020833,food,food,10,0.707071,0.272727,0.000000,1,0.000000,0.000000
2,0.020833,food,food,11,0.070707,0.888889,0.000000,1,0.000000,0.000000
2,0.020833,food,food,12,0.444444,0.494949,0.000000,1,0.000000,0.000000
2,0.020833,food,food,13,0.818182,0.101010,0.000000,1,0.000000,0.000000
2,0.020833,food,food,14,0.181818,0.717172,0.000000,1,0.000000,0.000000
2,0.020833,food,food,15,0.555556,0.323232,0.000000,1,0.000000,0.000000
2,0.020833,food,food,16,0.929293,0.939394,0.000000,1,0.000000,0.000000
2,0.020833,food,food,17,0.292929,0.545455,0.000000,1,0.000000,0.000000
2,0.020833,food,food,18,0.666667,0.151515,0.000000,1,0.000000,0.000000
2,0.020833,food,food,19,0.030303,0.767677,0.000000,1,0.000000,0.000000
2,0.020833,food,food,20,0.404040,0.373737,0.000000,1,0.000000,0.000000
2,0.020833,food,food,21,0.777778,0.989899,0.000000,1,0.000000,0.000000
2,0.020833,food,food,22,0.141414,0.595960,0.000000,1,0.000000,0.000000
2,0.020833,food,food,23,0.515152,0.202020,0.000000,1,0.000000,0.000000
2,0.020833,food,food,24,0.888889,0.818182,0.000000,1,0.000000,0.000000
2,0.020833,food,food,25,0.252525,0.424242,0.000000,1,0.000000,0.000000
2,0.020833,food,food,26,0.626263,0.030303,0.000000,1,0.000000,0.000000
2,0.020833,food,food,27,1.000000,0.646465,0.000000,1,0.000000,0.000000
2,0.020833,food,food,28,0.363636,0.252525,0.000000,1,0.000000,0.000000
2,0.020833,food,food,29,0.737374,0.868687,0.000000,1,0.000000,0.000000
2,0.020833,food,food,30,0.101010,0.474747,0.000000,1,0.000000,0.000000
2,0.020833,food,food,31,0.474747,0.080808,0.000000,1,0.000000,0.000000
2,0.020833,food,food,32,0.848485,0.696970,0.000000,1,0.000000,0.000000
2,0.020833,food,food,33,0.212121,0.303030,0.000000,1,0.000000,0.000000
2,0.020833,food,food,34,0.585859,0.919192,0.000000,1,0.000000,0.000000
2,0.020833,food,food,35,0.959596,0.525253,0.000000,1,0.000000,0.000000
2,0.020833,food,food,36,0.323232,0.131313,0.000000,1,0.000000,0.000000
2,0.020833,food,food,37,0.696970,0.747475,0.000000,1,0.000000,0.000000
2,0.020833,food,food,38,0.060606,0.353535,0.000000,1,0.000000,0.000000
2,0.020833,food,food,39,0.434343,0.969697,0.000000,1,0.000000,0.000000
2,0.020833,food,food,40,0.808081,0.575758,0.000000,1,0.000000,0.000000
2,0.020833,food,food,41,0.171717,0.181818,0.000000,1,0.000000,0.000000
2,0.020833,food,food,42,0.545455,0.797980,0.000000,1,0.000000,0.000000
2,0.020833,food,food,43,0.919192,0.404040,0.000000,1,0.000000,0.000000
2,0.020833,food,food,44,0.282828,0.010101,0.000000,1,0.000000,0.000000
2,0.020833,food,food,45,0.656566,0.626263,0.000000,1,0.000000,0.000000
2,0.020833,food,food,46,0.020202,0.232323,0.000000,1,0.000000,0.000000
2,0.020833,food,food,47,0.393939,0.848485,0.000000,1,0.000000,0.000000
2,0.020833,food,food,48,0.767677,0.454545,0.000000,1,0.000000,0.000000
2,0.020833,food,food,49,0.131313,0.060606,0.000000,1,0.000000,0.000000
2,0.020833,food,food,50,0.505050,0.676768,0.000000,1,0.000000,0.000000
2,0.020833,food,food,51,0.878788,0.282828,0.000000,1,0.000000,0.000000
2,0.020833,food,food,52,0.242424,0.898990,0.000000,1,0.000000,0.000000
2,0.020833,food,food,53,0.616162,0.505050,0.000000,0,0.000000,0.000000
2,0.020833,food,food,54,0.989899,0.111111,0.000000,1,0.000000,0.000000
2,0.020833,food,food,55,0.353535,0.727273,0.000000,1,0.000000,0.000000
2,0.020833,food,food,56,0.727273,0.333333,0.000000,1,0.000000,0.000000
2,0.020833,food,food,57,0.090909,0.949495,0.000000,1,0.000000,0.000000
2,0.020833,food,food,58,0.464646,0.555556,0.000000,1,0.000000,0.000000
2,0.020833,food,food,59,0.838384,0.161616,0.000000,1,0.000000,0.000000
2,0.020833,food,food,60,0.202020,0.777778,0.000000,1,0.000000,0.000000
2,0.020833,food,food,61,0.575758,0.383838,0.000000,0,0.000000,0.000000
2,0.020833,food,food,62,0.949495,1.000000,0.000000,1,0.000000,0.000000
2,0.020833,food,food,63,0.850551,0.864223,0.000000,1,0.000000,0.000000
2,0.020833,food,food,64,0.686869,0.212121,0.000000,1,0.000000,0.000000
2,0.020833,food,food,65,0.050505,0.828283,0.000000,1,0.000000,0.000000
2,0.020833,food,food,66,0.644917,0.864376,0.000000,1,0.000000,0.000000
2,0.020833,food,food,67,0.797980,0.040404,0.000000,1,0.000000,0.000000
2,0.020833,food,food,68,0.161616,0.656566,0.000000,1,0.000000,0.000000
2,0.020833,food,food,69,0.535354,0.262626,0.000000,1,0.000000,0.000000
2,0.020833,food,food,70,0.909091,0.878788,0.000000,1,0.000000,0.000000
2,0.020833,food,food,71,0.272727,0.484848,0.000000,0,0.000000,0.000000
2,0.020833,food,food,72,0.646465,0.090909,0.000000,1,0.000000,0.000000
2,0.020833,food,food,73,0.010101,0.707071,0.000000,1,0.000000,0.000000
2,0.020833,food,food,74,0.383838,0.313131,0.000000,1,0.000000,0.000000
2,0.020833,food,food,75,0.757576,0.929293,0.000000,1,0.000000,0.000000
2,0.020833,food,food,76,0.121212,0.535354,0.000000,1,0.000000,0.000000
2,0.020833,food,food,77,0.494949,0.141414,0.000000,1,0.000000,0.000000
2,0.020833,food,food,78,0.868687,0.757576,0.000000,1,0.000000,0.000000
2,0.020833,food,food,79,0.232323,0.363636,0.000000,1,0.000000,0.000000
2,0.020833,food,food,80,0.606061,0.979798,0.000000,1,0.000000,0.000000
2,0.020833,food,food,81,0.979798,0.585859,0.000000,1,0.000000,0.000000
2,0.020833,food,food,82,0.343434,0.191919,0.000000,1,0.000000,0.000000
2,0.020833,food,food,83,0.717172,0.808081,0.000000,1,0.000000,0.000000
2,0.020833,food,food,84,0.080808,0.414141,0.000000,1,0.000000,0.000000
2,0.020833,food,food,85,0.454545,0.020202,0.000000,1,0.000000,0.000000
2,0.020833,food,food,86,0.828283,0.636364,0.000000,1,0.000000,0.000000
2,0.020833,food,food,87,0.191919,0.242424,0.000000,1,0.000000,0.000000
2,0.020833,food,food,88,0.565657,0.858586,0.000000,1,0.000000,0.000000
2,0.020833,food,food,89,0.939394,0.464646,0.000000,1,0.000000,0.000000
2,0.020833,food,food,90,0.303030,0.070707,0.000000,1,0.000000,0.000000
2,0.020833,food,food,91,0.676768,0.686869,0.000000,1,0.000000,0.000000
2,0.020833,food,food,92,0.040404,0.292929,0.000000,1,0.000000,0.000000
2,0.020833,food,food,93,0.414141,0.909091,0.000000,1,0.000000,0.000000
2,0.020833,food,food,94,0.787879,0.515152,0.000000,1,0.000000,0.000000
2,0.020833,food,food,95,0.151515,0.121212,0.000000,1,0.000000,0.000000
2,0.020833,food,food,96,0.525253,0.737374,0.000000,1,0.000000,0.000000
2,0.020833,food,food,97,0.898990,0.343434,0.000000,1,0.000000,0.000000
2,0.020833,food,food,98,0.262626,0.959596,0.000000,1,0.000000,0.000000
2,0.020833,food,food,99,0.636364,0.565657,0.000000,0,0.000000,0.000000
2,0.020833,food,food,100,0.000000,0.171717,0.000000,1,0.000000,0.000000
2,0.020833,food,food,101,0.373737,0.787879,0.000000,1,0.000000,0.000000
2,0.020833,food,food,102,0.747475,0.393939,0.000000,1,0.000000,0.000000
2,0.020833,food,food,103,0.111111,0.000000,0.000000,1,0.000000,0.000000
2,0.020833,food,food,104,0.484848,0.616162,0.000000,0,0.000000,0.000000
2,0.020833,food,food,105,0.858586,0.222222,0.000000,1,0.000000,0.000000
2,0.020833,food,food,106,0.222222,0.838384,0.000000,1,0.000000,0.000000
2,0.020833,food,food,107,0.595960,0.444444,0.000000,0,0.000000,0.000000
2,0.020833,food,food,108,0.969697,0.050505,0.000000,1,0.000000,0.000000
2,0.020833,food,food,109,0.333333,0.666667,0.000000,1,0.000000,0.000000
2,0.020833,food,food,110,0.707071,0.272727,0.000000,1,0.000000,0.000000
2,0.020833,food,food,111,0.070707,0.888889,0.000000,1,0.000000,0.000000
2,0.020833,food,food,112,0.444444,0.494949,0.000000,0,0.000000,0.000000
2,0.020833,food,food,113,0.818182,0.101010,0.000000,1,0.000000,0.000000
2,0.020833,food,food,114,0.181818,0.717172,0.000000,1,0.000000,0.000000
2,0.020833,food,food,115,0.440168,0.521958,0.000000,1,0.000000,0.000000
2,0.020833,food,food,116,0.929293,0.939394,0.000000,1,0.000000,0.000000
2,0.020833,food,food,117,0.292929,0.545455,0.000000,0,0.000000,0.000000
2,0.020833,food,food,118,0.666667,0.151515,0.000000,1,0.000000,0.000000
2,0.020833,food,food,119,0.030303,0.767677,0.000000,1,0.000000,0.000000
2,0.020833,food,food,120,0.427717,0.823054,0.000000,1,0.000000,0.000000
2,0.020833,food,food,121,0.777778,0.989899,0.000000,1,0.000000,0.000000
2,0.020833,food,food,122,0.141414,0.595960,0.000000,1,0.000000,0.000000
2,0.020833,food,food,123,0.515152,0.202020,0.000000,1,0.000000,0.000000
2,0.020833,food,food,124,0.888889,0.818182,0.000000,1,0.000000,0.000000
2,0.020833,food,food,125,0.252525,0.424242,0.000000,1,0.000000,0.000000
2,0.020833,food,food,126,0.626263,0.030303,0.000000,1,0.000000,0.000000
2,0.020833,food,food,127,1.000000,0.646465,0.000000,1,0.000000,0.000000
2,0.020833,food,food,128,0.363636,0.252525,0.000000,1,0.000000,0.000000
2,0.020833,food,food,129,0.737374,0.868687,0.000000,1,0.000000,0.000000
2,0.020833,food,food,130,0.101010,0.474747,0.000000,1,0.000000,0.000000
2,0.020833,food,food,131,0.474747,0.080808,0.000000,1,0.000000,0.000000
2,0.020833,food,food,132,0.848485,0.696970,0.000000,1,0.000000,0.000000
2,0.020833,food,food,133,0.212121,0.303030,0.000000,1,0.000000,0.000000
2,0.020833,food,food,134,0.585859,0.919192,0.000000,1,0.000000,0.000000
2,0.020833,food,food,135,0.959596,0.525253,0.000000,1,0.000000,0.000000
2,0.020833,food,food,136,0.323232,0.131313,0.000000,1,0.000000,0.000000
2,0.020833,food,food,137,0.696970,0.747475,0.000000,1,0.000000,0.000000
2,0.020833,food,food,138,0.060606,0.353535,0.000000,1,0.000000,0.000000
2,0.020833,food,food,139,0.434343,0.969697,0.000000,1,0.000000,0.000000
2,0.020833,food,food,140,0.808081,0.575758,0.000000,1,0.000000,0.000000
2,0.020833,food,food,141,0.171717,0.181818,0.000000,1,0.000000,0.000000
2,0.020833,food,food,142,0.545455,0.797980,0.000000,1,0.000000,0.000000
2,0.020833,food,food,143,0.919192,0.404040,0.000000,1,0.000000,0.000000
2,0.020833,food,food,144,0.282828,0.010101,0.000000,1,0.000000,0.000000
2,0.020833,food,food,145,0.656566,0.626263,0.000000,0,0.000000,0.000000
2,0.020833,food,food,146,0.020202,0.232323,0.000000,1,0.000000,0.000000
2,0.020833,food,food,147,0.393939,0.848485,0.000000,1,0.000000,0.000000
2,0.020833,food,food,148,0.767677,0.454545,0.000000,1,0.000000,0.000000
2,0.020833,food,food,149,0.131313,0.060606,0.000000,1,0.000000,0.000000
2,0.020833,food,food,150,0.505050,0.676768,0.000000,0,0.000000,0.000000
2,0.020833,food,food,151,0.878788,0.282828,0.000000,1,0.000000,0.000000
2,0.020833,food,food,152,0.242424,0.898990,0.000000,1,0.000000,0.000000
2,0.020833,food,food,153,0.231666,0.638234,0.000000,1,0.000000,0.000000
2,0.020833,food,food,154,0.989899,0.111111,0.000000,1,0.000000,0.000000
2,0.020833,food,food,155,0.353535,0.727273,0.000000,1,0.000000,0.000000
2,0.020833,food,food,156,0.727273,0.333333,0.000000,1,0.000000,0.000000
2,0.020833,food,food,157,0.090909,0.949495,0.000000,1,0.000000,0.000000
2,0.020833,food,food,158,0.464646,0.555556,0.000000,0,0.000000,0.000000
2,0.020833,food,food,159,0.838384,0.161616,0.000000,1,0.000000,0.000000
2,0.020833,food,food,160,0.202020,0.777778,0.000000,1,0.000000,0.000000
2,0.020833,food,food,161,0.281747,0.971038,0.000000,1,0.000000,0.000000
2,0.020833,food,food,162,0.949495,1.000000,0.000000,1,0.000000,0.000000
2,0.020833,food,food,163,0.313131,0.606061,0.000000,0,0.000000,0.000000
2,0.020833,food,food,164,0.686869,0.212121,0.000000,1,0.000000,0.000000
2,0.020833,food,food,165,0.050505,0.828283,0.000000,1,0.000000,0.000000
2,0.020833,food,food,166,0.046968,0.151830,0.000000,1,0.000000,0.000000
2,0.020833,food,food,167,0.797980,0.040404,0.000000,1,0.000000,0.000000
2,0.020833,food,food,168,0.161616,0.656566,0.000000,1,0.000000,0.000000
2,0.020833,food,food,169,0.535354,0.262626,0.000000,1,0.000000,0.000000
2,0.020833,food,food,170,0.909091,0.878788,0.000000,1,0.000000,0.000000
2,0.020833,food,food,171,0.643880,0.348582,0.000000,0,0.000000,0.000000
2,0.020833,food,food,172,0.646465,0.090909,0.000000,1,0.000000,0.000000
2,0.020833,food,food,173,0.010101,0.707071,0.000000,1,0.000000,0.000000
2,0.020833,food,food,174,0.383838,0.313131,0.000000,1,0.000000,0.000000
2,0.020833,food,food,175,0.757576,0.929293,0.000000,1,0.000000,0.000000
2,0.020833,food,food,176,0.121212,0.535354,0.000000,1,0.000000,0.000000
2,0.020833,food,food,177,0.494949,0.141414,0.000000,1,0.000000,0.000000
2,0.020833,food,food,178,0.868687,0.757576,0.000000,1,0.000000,0.000000
2,0.020833,food,food,179,0.232323,0.363636,0.000000,1,0.000000,0.000000
2,0.020833,food,food,180,0.606061,0.979798,0.000000,1,0.000000,0.000000
2,0.020833,food,food,181,0.979798,0.585859,0.000000,1,0.000000,0.000000
2,0.020833,food,food,182,0.343434,0.191919,0.000000,1,0.000000,0.000000
2,0.020833,food,food,183,0.717172,0.808081,0.000000,1,0.000000,0.000000
2,0.020833,food,food,184,0.080808,0.414141,0.000000,1,0.000000,0.000000
2,0.020833,food,food,185,0.454545,0.020202,0.000000,1,0.000000,0.000000
2,0.020833,food,food,186,0.828283,0.636364,0.000000,1,0.000000,0.000000
2,0.020833,food,food,187,0.191919,0.242424,0.000000,1,0.000000,0.000000
2,0.020833,food,food,188,0.565657,0.858586,0.000000,1,0.000000,0.000000
2,0.020833,food,food,189,0.939394,0.464646,0.000000,1,0.000000,0.000000
2,0.020833,food,food,190,0.303030,0.070707,0.000000,1,0.000000,0.000000
2,0.020833,food,food,191,0.676768,0.686869,0.000000,1,0.000000,0.000000
2,0.020833,food,food,192,0.040404,0.292929,0.000000,1,0.000000,0.000000
2,0.020833,food,food,193,0.414141,0.909091,0.000000,1,0.000000,0.000000
2,0.020833,food,food,194,0.787879,0.515152,0.000000,1,0.000000,0.000000
2,0.020833,food,food,195,0.151515,0.121212,0.000000,1,0.000000,0.000000
2,0.020833,food,food,196,0.525253,0.737374,0.000000,1,0.000000,0.000000
2,0.020833,food,food,197,0.898990,0.343434,0.000000,1,0.000000,0.000000
2,0.020833,food,food,198,0.262626,0.959596,0.000000,1,0.000000,0.000000
2,0.020833,food,food,199,0.636364,0.565657,0.000000,0,0.000000,0.000000
2,0.020833,food,food,200,0.000000,0.171717,0.000000,1,0.000000,0.000000
2,0.020833,food,food,201,0.373737,0.787879,0.000000,1,0.000000,0.000000
2,0.020833,food,food,202,0.747475,0.393939,0.000000,1,0.000000,0.000000
2,0.020833,food,food,203,0.111111,0.000000,0.000000,1,0.000000,0.000000
2,0.020833,food,food,204,0.484848,0.616162,0.000000,0,0.000000,0.000000
2,0.020833,food,food,205,0.858586,0.222222,0.000000,1,0.000000,0.000000
2,0.020833,food,food,206,0.222222,0.838384,0.000000,1,0.000000,0.000000
2,0.020833,food,food,207,0.154088,0.807611,0.000000,1,0.000000,0.000000
2,0.020833,food,food,208,0.969697,0.050505,0.000000,1,0.000000,0.000000
2,0.020833,food,food,209,0.333333,0.666667,0.000000,0,0.000000,0.000000
2,0.020833,food,food,210,0.707071,0.272727,0.000000,1,0.000000,0.000000
2,0.020833,food,food,211,0.070707,0.888889,0.000000,1,0.000000,0.000000
2,0.020833,food,food,212,0.444444,0.494949,0.000000,0,0.000000,0.000000
2,0.020833,food,food,213,0.818182,0.101010,0.000000,1,0.000000,0.000000
2,0.020833,food,food,214,0.181818,0.717172,0.000000,1,0.000000,0.000000
2,0.020833,food,food,215,0.555556,0.323232,0.000000,0,0.000000,0.000000
2,0.020833,food,food,216,0.929293,0.939394,0.000000,1,0.000000,0.000000
2,0.020833,food,food,217,0.657521,0.337992,0.000000,1,0.000000,0.000000
2,0.020833,food,food,218,0.666667,0.151515,0.000000,1,0.000000,0.000000
2,0.020833,food,food,219,0.030303,0.767677,0.000000,1,0.000000,0.000000
2,0.020833,food,food,220,0.647633,0.978423,0.000000,1,0.000000,0.000000
2,0.020833,food,food,221,0.777778,0.989899,0.000000,1,0.000000,0.000000
2,0.020833,food,food,222,0.141414,0.595960,0.000000,1,0.000000,0.000000
2,0.020833,food,food,223,0.515152,0.202020,0.000000,1,0.000000,0.000000
2,0.020833,food,food,224,0.888889,0.818182,0.000000,1,0.000000,0.000000
2,0.020833,food,food,225,0.252525,0.424242,0.000000,1,0.000000,0.000000
2,0.020833,food,food,226,0.626263,0.030303,0.000000,1,0.000000,0.000000
2,0.020833,food,food,227,1.000000,0.646465,0.000000,1,0.000000,0.000000
2,0.020833,food,food,228,0.363636,0.252525,0.000000,1,0.000000,0.000000
2,0.020833,food,food,229,0.737374,0.868687,0.000000,1,0.000000,0.000000
2,0.020833,food,food,230,0.101010,0.474747,0.000000,1,0.000000,0.000000
2,0.020833,food,food,231,0.474747,0.080808,0.000000,1,0.000000,0.000000
2,0.020833,food,food,232,0.848485,0.696970,0.000000,1,0.000000,0.000000
2,0.020833,food,food,233,0.212121,0.303030,0.000000,1,0.000000,0.000000
2,0.020833,food,food,234,0.585859,0.919192,0.000000,1,0.000000,0.000000
2,0.020833,food,food,235,0.959596,0.525253,0.000000,1,0.000000,0.000000
2,0.020833,food,food,236,0.323232,0.131313,0.000000,1,0.000000,0.000000
2,0.020833,food,food,237,0.696970,0.747475,0.000000,1,0.000000,0.000000
2,0.020833,food,food,238,0.060606,0.353535,0.000000,1,0.000000,0.000000
2,0.020833,food,food,239,0.434343,0.969697,0.000000,1,0.000000,0.000000
2,0.020833,food,food,240,0.808081,0.575758,0.000000,1,0.000000,0.000000
2,0.020833,food,food,241,0.171717,0.181818,0.000000,1,0.000000,0.000000
2,0.020833,food,food,242,0.545455,0.797980,0.000000,1,0.000000,0.000000
2,0.020833,food,food,243,0.919192,0.404040,0.000000,1,0.000000,0.000000
2,0.020833,food,food,244,0.282828,0.010101,0.000000,1,0.000000,0.000000
2,0.020833,food,food,245,0.656566,0.626263,0.000000,0,0.000000,0.000000
2,0.020833,food,food,246,0.020202,0.232323,0.000000,1,0.000000,0.000000
2,0.020833,food,food,247,0.393939,0.848485,0.000000,1,0.000000,0.000000
2,0.020833,food,food,248,0.767677,0.454545,0.000000,1,0.000000,0.000000
2,0.020833,food,food,249,0.131313,0.060606,0.000000,1,0.000000,0.000000
2,0.020833,food,food,250,0.505050,0.676768,0.000000,0,0.000000,0.000000
2,0.020833,food,food,251,0.878788,0.282828,0.000000,1,0.000000,0.000000
2,0.020833,food,food,252,0.242424,0.898990,0.000000,1,0.000000,0.000000
2,0.020833,food,food,253,0.863338,0.426801,0.000000,1,0.000000,0.000000
2,0.020833,food,food,254,0.989899,0.111111,0.000000,1,0.000000,0.000000
2,0.020833,food,food,255,0.353535,0.727273,0.000000,1,0.000000,0.000000
2,0.020833,food,food,256,0.727273,0.333333,0.000000,1,0.000000,0.000000
2,0.020833,food,food,257,0.090909,0.949495,0.000000,1,0.000000,0.000000
2,0.020833,food,food,258,0.464646,0.555556,0.000000,0,0.000000,0.000000
2,0.020833,food,food,259,0.838384,0.161616,0.000000,1,0.000000,0.000000
2,0.020833,cover,cover,0,0.131313,0.262929,0.000000,1,0.000000,0.350000
2,0.020833,cover,cover,1,0.565657,0.000000,0.000000,1,0.000000,0.777778
2,0.020833,cover,cover,2,1.000000,0.717172,0.000000,1,0.000000,0.594444
2,0.020833,cover,cover,3,0.424242,0.439242,0.000000,1,0.000000,0.411111
2,0.020833,cover,cover,4,0.858586,0.161313,0.000000,1,0.000000,0.838889
2,0.020833,cover,cover,5,0.282828,0.818485,0.000000,1,0.000000,0.655556
2,0.020833,cover,cover,6,0.717172,0.540556,0.000000,1,0.000000,0.472222
2,0.020833,cover,cover,7,0.141414,0.262626,0.000000,1,0.000000,0.900000
2,0.020833,cover,cover,8,0.575758,0.994798,0.000000,1,0.000000,0.716667
2,0.020833,cover,cover,9,0.000000,0.716869,0.000000,1,0.000000,0.533333
2,0.020833,cover,cover,10,0.434343,0.363939,0.000000,1,0.000000,0.350000
2,0.020833,cover,cover,11,0.868687,0.086010,0.000000,1,0.000000,0.777778
2,0.020833,cover,cover,12,0.292929,0.818182,0.000000,1,0.000000,0.594444
2,0.020833,cover,cover,13,0.727273,0.540253,0.000000,1,0.000000,0.411111
2,0.020833,cover,cover,14,0.151515,0.262323,0.000000,1,0.000000,0.838889
2,0.020833,cover,cover,15,0.585859,0.919495,0.000000,1,0.000000,0.655556
2,0.020833,cover,cover,16,0.010101,0.641566,0.000000,1,0.000000,0.472222
2,0.020833,cover,cover,17,0.444444,0.363636,0.000000,1,0.000000,0.900000
2,0.020833,cover,cover,18,0.878788,0.085707,0.000000,1,0.000000,0.716667
2,0.020833,cover,cover,19,0.303030,0.817879,0.000000,1,0.000000,0.533333
2,0.020833,cover,cover,20,0.737374,0.464949,0.000000,1,0.000000,0.350000
2,0.020833,cover,cover,21,0.161616,0.187020,0.000000,1,0.000000,0.777778
2,0.020833,cover,cover,22,0.595960,0.919192,0.000000,1,0.000000,0.594444
2,0.020833,cover,cover,23,0.020202,0.641263,0.000000,1,0.000000,0.411111
2,0.020833,cover,cover,24,0.454545,0.363333,0.000000,1,0.000000,0.838889
2,0.020833,cover,cover,25,0.888889,0.010404,0.000000,1,0.000000,0.655556
2,0.020833,cover,cover,26,0.313131,0.742576,0.000000,1,0.000000,0.472222
2,0.020833,cover,cover,27,0.747475,0.464646,0.000000,1,0.000000,0.900000
2,0.020833,cover,cover,28,0.171717,0.186717,0.000000,1,0.000000,0.716667
2,0.020833,cover,cover,29,0.606061,0.918889,0.000000,1,0.000000,0.533333
2,0.020833,cover,cover,30,0.030303,0.565960,0.000000,1,0.000000,0.350000
2,0.020833,cover,cover,31,0.464646,0.288030,0.000000,1,0.000000,0.777778
2,0.020833,cover,cover,32,0.898990,0.010101,0.000000,1,0.000000,0.594444
2,0.020833,cover,cover,33,0.323232,0.742273,0.000000,1,0.000000,0.411111
2,0.020833,cover,cover,34,0.757576,0.464343,0.000000,1,0.000000,0.838889
2,0.020833,cover,cover,35,0.181818,0.111414,0.000000,1,0.000000,0.655556
2,0.020833,cover,cover,36,0.616162,0.843586,0.000000,1,0.000000,0.472222
2,0.020833,cover,cover,37,0.040404,0.565657,0.000000,1,0.000000,0.900000
2,0.020833,cover,cover,38,0.474747,0.287727,0.000000,1,0.000000,0.716667
2,0.020833,cover,cover,39,0.909091,1.000000,0.000000,1,0.000000,0.533333
2,0.020833,cover,cover,40,0.333333,0.666970,0.000000,1,0.000000,0.350000
2,0.020833,cover,cover,41,0.767677,0.389040,0.000000,1,0.000000,0.777778
2,0.020833,cover,cover,42,0.191919,0.111111,0.000000,1,0.000000,0.594444
2,0.020833,cover,cover,43,0.626263,0.843283,0.000000,1,0.000000,0.411111
2,0.020833,cover,cover,44,0.050505,0.565354,0.000000,1,0.000000,0.838889
2,0.020833,cover,cover,45,0.484848,0.212424,0.000000,1,0.000000,0.655556
2,0.020833,cover,cover,46,0.919192,0.944596,0.000000,1,0.000000,0.472222
2,0.020833,cover,cover,47,0.343434,0.666667,0.000000,1,0.000000,0.900000
2,0.020833,cover,cover,48,0.777778,0.388737,0.000000,1,0.000000,0.716667
2,0.020833,cover,cover,49,0.202020,0.110808,0.000000,1,0.000000,0.533333
2,0.020833,cover,cover,50,0.636364,0.767980,0.000000,1,0.000000,0.350000
2,0.020833,cover,cover,51,0.060606,0.490050,0.000000,1,0.000000,0.777778
2,0.020833,cover,cover,52,0.494949,0.212121,0.000000,1,0.000000,0.594444
2,0.020833,cover,cover,53,0.929293,0.944293,0.000000,1,0.000000,0.411111
2,0.020833,cover,cover,54,0.353535,0.666364,0.000000,1,0.000000,0.838889
2,0.020833,cover,cover,55,0.787879,0.313434,0.000000,1,0.000000,0.655556
2,0.020833,cover,cover,56,0.212121,0.035505,0.000000,1,0.000000,0.472222
2,0.020833,cover,cover,57,0.646465,0.767677,0.000000,1,0.000000,0.900000
2,0.020833,cover,cover,58,0.070707,0.489747,0.000000,1,0.000000,0.716667
2,0.020833,cover,cover,59,0.505050,0.211818,0.000000,1,0.000000,0.533333
2,0.020833,cover,cover,60,0.939394,0.868990,0.000000,1,0.000000,0.350000
2,0.020833,cover,cover,61,0.363636,0.591061,0.000000,1,0.000000,0.777778
2,0.020833,cover,cover,62,0.797980,0.313131,0.000000,1,0.000000,0.594444
2,0.020833,cover,cover,63,0.222222,0.035202,0.000000,1,0.000000,0.411111
2,0.020833,cover,cover,64,0.656566,0.767374,0.000000,1,0.000000,0.838889
2,0.020833,cover,cover,65,0.080808,0.414444,0.000000,1,0.000000,0.655556
2,0.020833,cover,cover,66,0.515152,0.136515,0.000000,1,0.000000,0.472222
2,0.020833,cover,cover,67,0.949495,0.868687,0.000000,1,0.000000,0.900000
2,0.020833,cover,cover,68,0.373737,0.590758,0.000000,1,0.000000,0.716667
2,0.020833,cover,cover,69,0.808081,0.312828,0.000000,1,0.000000,0.533333
2,0.020833,cover,cover,70,0.232323,0.970000,0.000000,1,0.000000,0.350000
2,0.020833,cover,cover,71,0.666667,0.692071,0.000000,1,0.000000,0.777778
2,0.020833,cover,cover,72,0.090909,0.414141,0.000000,1,0.000000,0.594444
2,0.020833,cover,cover,73,0.525253,0.136212,0.000000,1,0.000000,0.411111
2,0.020833,cover,cover,74,0.959596,0.868384,0.000000,1,0.000000,0.838889
2,0.020833,cover,cover,75,0.383838,0.515455,0.000000,1,0.000000,0.655556
2,0.020833,cover,cover,76,0.818182,0.237525,0.000000,1,0.000000,0.472222
2,0.020833,cover,cover,77,0.242424,0.969697,0.000000,1,0.000000,0.900000
2,0.020833,cover,cover,78,0.676768,0.691768,0.000000,1,0.000000,0.716667
2,0.020833,cover,cover,79,0.101010,0.413838,0.000000,1,0.000000,0.533333
2,0.020833,cover,cover,80,0.535354,0.060909,0.000000,1,0.000000,0.350000
2,0.020833,cover,cover,81,0.969697,0.793081,0.000000,1,0.000000,0.777778
2,0.020833,cover,cover,82,0.393939,0.515152,0.000000,1,0.000000,0.594444
2,0.020833,cover,cover,83,0.828283,0.237222,0.000000,1,0.000000,0.411111
2,0.020833,cover,cover,84,0.252525,0.969394,0.000000,1,0.000000,0.838889
2,0.020833,cover,cover,85,0.686869,0.616465,0.000000,1,0.000000,0.655556
2,0.020833,cover,cover,86,0.111111,0.338535,0.000000,1,0.000000,0.472222
2,0.020833,cover,cover,87,0.545455,0.060606,0.000000,1,0.000000,0.900000
2,0.020833,cover,cover,88,0.979798,0.792778,0.000000,1,0.000000,0.716667
2,0.020833,cover,cover,89,0.404040,0.514848,0.000000,1,0.000000,0.533333
2,0.020833,cover,cover,90,0.838384,0.161919,0.000000,1,0.000000,0.350000
2,0.020833,cover,cover,91,0.262626,0.894091,0.000000,1,0.000000,0.777778
2,0.020833,cover,cover,92,0.696970,0.616162,0.000000,1,0.000000,0.594444
2,0.020833,cover,cover,93,0.121212,0.338232,0.000000,1,0.000000,0.411111
2,0.020833,cover,cover,94,0.555556,0.060303,0.000000,1,0.000000,0.838889
2,0.020833,cover,cover,95,0.989899,0.717475,0.000000,1,0.000000,0.655556
2,0.020833,cover,cover,96,0.414141,0.439545,0.000000,1,0.000000,0.472222
2,0.020833,cover,cover,97,0.848485,0.161616,0.000000,1,0.000000,0.900000
2,0.020833,cover,cover,98,0.272727,0.893788,0.000000,1,0.000000,0.716667
2,0.020833,cover,cover,99,0.707071,0.615859,0.000000,1,0.000000,0.533333
3,0.031250,agent,bluegill,0,0.635432,0.528380,1.177900,1,0.300000,0.000000
3,0.031250,agent,bluegill,1,0.643681,0.589960,1.177900,1,0.300000,0.000000
3,0.031250,agent,bluegill,2,0.629204,0.581543,0.997900,1,0.300000,0.000000
3,0.031250,agent,bluegill,3,0.657413,0.627847,1.537900,1,0.304448,0.000000
3,0.031250,agent,bluegill,4,0.644921,0.628681,0.997900,1,0.300000,0.000000
3,0.031250,agent,bluegill,5,0.658522,0.625392,0.997900,1,0.300000,0.000000
3,0.031250,agent,bluegill,6,0.481075,0.679412,1.357900,1,0.300869,0.000000
3,0.031250,agent,bluegill,7,0.494141,0.674987,1.177900,1,0.300000,0.000000
3,0.031250,agent,bluegill,8,0.506075,0.676671,0.997900,1,0.300000,0.000000
3,0.031250,agent,bluegill,9,0.519062,0.678056,0.997900,1,0.300000,0.000000
3,0.031250,agent,bluegill,10,0.335731,0.666330,1.177900,1,0.300000,0.000000
3,0.031250,agent,bluegill,11,0.318454,0.677257,1.177900,1,0.300000,0.000000
3,0.031250,agent,bluegill,12,0.299741,0.581549,1.357900,1,0.301748,0.000000
3,0.031250,agent,bluegill,13,0.318507,0.636884,0.997900,1,0.300000,0.000000
3,0.031250,agent,bluegill,14,0.299732,0.543693,1.537900,1,0.304448,0.000000
3,0.031250,agent,bluegill,15,0.264588,0.460986,1.357900,1,0.301748,0.000000
3,0.031250,agent,bluegill,16,0.268042,0.459624,0.997900,1,0.300000,0.000000
3,0.031250,agent,bluegill,17,0.260597,0.424490,1.177900,1,0.300000,0.000000
3,0.031250,agent,bluegill,18,0.423722,0.365629,1.357900,1,0.300869,0.000000
3,0.031250,agent,bluegill,19,0.403459,0.373559,1.177900,1,0.300000,0.000000
3,0.031250,agent,bluegill,20,0.405069,0.368624,0.997900,1,0.300000,0.000000
3,0.031250,agent,bluegill,21,0.394272,0.384617,0.997900,1,0.300000,0.000000
3,0.031250,agent,bluegill,22,0.556151,0.323250,1.357900,1,0.300869,0.000000
3,0.031250,agent,bluegill,23,0.543769,0.322512,1.177900,1,0.300000,0.000000
3,0.031250,agent,bluegill,24,0.555321,0.303812,0.997900,1,0.300000,0.000000
3,0.031250,agent,bluegill,25,0.568622,0.331154,0.997900,1,0.300000,0.000000
3,0.031250,agent,bluegill,26,0.639867,0.349389,1.357900,1,0.300869,0.000000
3,0.031250,agent,bluegill,27,0.648572,0.349124,1.177900,1,0.300000,0.000000
3,0.031250,agent,bluegill,28,0.625501,0.416138,1.177900,1,0.300000,0.000000
3,0.031250,agent,bluegill,29,0.639179,0.516190,0.997900,1,0.300000,0.000000
3,0.031250,agent,minnow,30,0.632959,0.515751,1.228350,1,0.075000,0.000000
3,0.031250,agent,minnow,31,0.626578,0.524167,1.048350,1,0.075000,0.000000
3,0.031250,agent,minnow,32,0.642355,0.588345,1.228350,1,0.075000,0.000000
3,0.031250,agent,minnow,33,0.638512,0.587845,1.048350,1,0.075000,0.000000
3,0.031250,agent,minnow,34,0.597490,0.566953,1.228350,1,0.075000,0.000000
3,0.031250,agent,minnow,35,0.594353,0.568875,1.048350,1,0.075000,0.000000
3,0.031250,agent,minnow,36,0.481084,0.617865,1.408350,1,0.076625,0.000000
3,0.031250,agent,minnow,37,0.469607,0.622946,1.048350,1,0.075000,0.000000
3,0.031250,agent,minnow,38,0.503657,0.607225,1.228350,1,0.075000,0.000000
3,0.031250,agent,minnow,39,0.492397,0.611714,1.048350,1,0.075000,0.000000
3,0.031250,agent,minnow,40,0.483526,0.617453,1.048350,1,0.075000,0.000000
3,0.031250,agent,minnow,41,0.483043,0.623690,1.048350,1,0.075000,0.000000
3,0.031250,agent,minnow,42,0.486574,0.620083,1.048350,1,0.075000,0.000000
3,0.031250,agent,minnow,43,0.481203,0.612098,1.048350,1,0.075000,0.000000
3,0.031250,agent,minnow,44,0.461402,0.564733,1.588350,1,0.080959,0.000000
3,0.031250,agent,minnow,45,0.458576,0.562688,1.048350,1,0.075000,0.000000
3,0.031250,agent,minnow,46,0.454296,0.561465,1.048350,1,0.075000,0.000000
3,0.031250,agent,minnow,47,0.448237,0.559286,1.048350,1,0.075000,0.000000
3,0.031250,agent,minnow,48,0.441331,0.555178,1.048350,1,0.075000,0.000000
3,0.031250,agent,minnow,49,0.483459,0.559593,1.048350,1,0.075000,0.000000
3,0.031250,agent,minnow,50,0.459614,0.480481,1.408350,1,0.076625,0.000000
3,0.031250,agent,minnow,51,0.423542,0.507362,1.228350,1,0.075000,0.000000
3,0.031250,agent,minnow,52,0.424316,0.500759,1.048350,1,0.075000,0.000000
3,0.031250,agent,minnow,53,0.425118,0.495030,1.048350,1,0.075000,0.000000
3,0.031250,agent,minnow,54,0.425550,0.489538,1.048350,1,0.075000,0.000000
3,0.031250,agent,minnow,55,0.417992,0.403905,1.408350,1,0.078259,0.000000
3,0.031250,agent,minnow,56,0.420684,0.396270,1.048350,1,0.075000,0.000000
3,0.031250,agent,minnow,57,0.428082,0.468809,1.048350,1,0.075000,0.000000
3,0.031250,agent,minnow,58,0.431112,0.460656,1.048350,1,0.075000,0.000000
3,0.031250,agent,minnow,59,0.419569,0.405606,1.048350,1,0.075000,0.000000
3,0.031250,agent,minnow,60,0.424705,0.400227,1.048350,1,0.075000,0.000000
3,0.031250,agent,minnow,61,0.425303,0.465452,1.048350,1,0.075000,0.000000
3,0.031250,agent,minnow,62,0.430407,0.459770,1.048350,1,0.075000,0.000000
3,0.031250,agent,minnow,63,0.420403,0.407445,1.048350,1,0.075000,0.000000
3,0.031250,agent,minnow,64,0.422172,0.385553,1.048350,1,0.075000,0.000000
3,0.031250,agent,minnow,65,0.543708,0.349349,1.048350,1,0.075000,0.000000
3,0.031250,agent,minnow,66,0.549008,0.346246,1.048350,1,0.075000,0.000000
3,0.031250,agent,minnow,67,0.561967,0.387289,1.048350,1,0.075000,0.000000
3,0.031250,agent,minnow,68,0.567941,0.389473,1.228350,1,0.075000,0.000000
3,0.031250,agent,minnow,69,0.572151,0.391287,1.048350,1,0.075000,0.000000
3,0.031250,agent,minnow,70,0.574798,0.393912,1.048350,1,0.075000,0.000000
3,0.031250,agent,minnow,71,0.599917,0.430043,1.408350,1,0.078259,0.000000
3,0.031250,agent,minnow,72,0.571620,0.410585,1.048350,1,0.075000,0.000000
3,0.031250,agent,minnow,73,0.578052,0.420866,1.048350,1,0.075000,0.000000
3,0.031250,agent,minnow,74,0.583621,0.431939,1.048350,1,0.075000,0.000000
3,0.031250,agent,minnow,75,0.588129,0.443623,1.048350,1,0.075000,0.000000
3,0.031250,agent,minnow,76,0.613505,0.499843,1.228350,1,0.075000,0.000000
3,0.031250,agent,minnow,77,0.618423,0.507977,1.048350,1,0.075000,0.000000
3,0.031250,agent,minnow,78,0.621209,0.506556,1.048350,1,0.075000,0.000000
3,0.031250,agent,minnow,79,0.617456,0.503622,1.048350,1,0.075000,0.000000
3,0.031250,agent,bass,80,0.745056,0.498712,1.227500,1,1.260000,0.000000
3,0.031250,food,food,0,0.000000,0.171717,0.000000,1,0.000000,0.000000
3,0.031250,food,food,1,0.373737,0.787879,0.000000,1,0.000000,0.000000
3,0.031250,food,food,2,0.747475,0.393939,0.000000,1,0.000000,0.000000
3,0.031250,food,food,3,0.111111,0.000000,0.000000,1,0.000000,0.000000
3,0.031250,food,food,4,0.484848,0.616162,0.000000,0,0.000000,0.000000
3,0.031250,food,food,5,0.858586,0.222222,0.000000,1,0.000000,0.000000
3,0.031250,food,food,6,0.222222,0.838384,0.000000,1,0.000000,0.000000
3,0.031250,food,food,7,0.595960,0.444444,0.000000,0,0.000000,0.000000
3,0.031250,food,food,8,0.969697,0.050505,0.000000,1,0.000000,0.000000
3,0.031250,food,food,9,0.333333,0.666667,0.000000,1,0.000000,0.000000
3,0.031250,food,food,10,0.707071,0.272727,0.000000,1,0.000000,0.000000
3,0.031250,food,food,11,0.070707,0.888889,0.000000,1,0.000000,0.000000
3,0.031250,food,food,12,0.444444,0.494949,0.000000,0,0.000000,0.000000
3,0.031250,food,food,13,0.818182,0.101010,0.000000,1,0.000000,0.000000
3,0.031250,food,food,14,0.181818,0.717172,0.000000,1,0.000000,0.000000
3,0.031250,food,food,15,0.555556,0.323232,0.000000,0,0.000000,0.000000
3,0.031250,food,food,16,0.929293,0.939394,0.000000,1,0.000000,0.000000
3,0.031250,food,food,17,0.292929,0.545455,0.000000,0,0.000000,0.000000
3,0.031250,food,food,18,0.666667,0.151515,0.000000,1,0.000000,0.000000
3,0.031250,food,food,19,0.030303,0.767677,0.000000,1,0.000000,0.000000
3,0.031250,food,food,20,0.404040,0.373737,0.000000,0,0.000000,0.000000
3,0.031250,food,food,21,0.777778,0.989899,0.000000,1,0.000000,0.000000
3,0.031250,food,food,22,0.141414,0.595960,0.000000,1,0.000000,0.000000
3,0.031250,food,food,23,0.515152,0.202020,0.000000,1,0.000000,0.000000
3,0.031250,food,food,24,0.888889,0.818182,0.000000,1,0.000000,0.000000
3,0.031250,food,food,25,0.252525,0.424242,0.000000,1,0.000000,0.000000
3,0.031250,food,food,26,0.626263,0.030303,0.000000,1,0.000000,0.000000
3,0.031250,food,food,27,1.000000,0.646465,0.000000,1,0.000000,0.000000
3,0.031250,food,food,28,0.363636,0.252525,0.000000,1,0.000000,0.000000
3,0.031250,food,food,29,0.737374,0.868687,0.000000,1,0.000000,0.000000
3,0.031250,food,food,30,0.101010,0.474747,0.000000,1,0.000000,0.000000
3,0.031250,food,food,31,0.474747,0.080808,0.000000,1,0.000000,0.000000
3,0.031250,food,food,32,0.848485,0.696970,0.000000,1,0.000000,0.000000
3,0.031250,food,food,33,0.212121,0.303030,0.000000,1,0.000000,0.000000
3,0.031250,food,food,34,0.585859,0.919192,0.000000,1,0.000000,0.000000
3,0.031250,food,food,35,0.959596,0.525253,0.000000,1,0.000000,0.000000
3,0.031250,food,food,36,0.323232,0.131313,0.000000,1,0.000000,0.000000
3,0.031250,food,food,37,0.696970,0.747475,0.000000,1,0.000000,0.000000
3,0.031250,food,food,38,0.060606,0.353535,0.000000,1,0.000000,0.000000
3,0.031250,food,food,39,0.434343,0.969697,0.000000,1,0.000000,0.000000
3,0.031250,food,food,40,0.808081,0.575758,0.000000,1,0.000000,0.000000
3,0.031250,food,food,41,0.171717,0.181818,0.000000,1,0.000000,0.000000
3,0.031250,food,food,42,0.545455,0.797980,0.000000,1,0.000000,0.000000
3,0.031250,food,food,43,0.919192,0.404040,0.000000,1,0.000000,0.000000
3,0.031250,food,food,44,0.282828,0.010101,0.000000,1,0.000000,0.000000
3,0.031250,food,food,45,0.656566,0.626263,0.000000,0,0.000000,0.000000
3,0.031250,food,food,46,0.020202,0.232323,0.000000,1,0.000000,0.000000
3,0.031250,food,food,47,0.393939,0.848485,0.000000,1,0.000000,0.000000
3,0.031250,food,food,48,0.767677,0.454545,0.000000,1,0.000000,0.000000
3,0.031250,food,food,49,0.131313,0.060606,0.000000,1,0.000000,0.000000
3,0.031250,food,food,50,0.505050,0.676768,0.000000,0,0.000000,0.000000
3,0.031250,food,food,51,0.878788,0.282828,0.000000,1,0.000000,0.000000
3,0.031250,food,food,52,0.242424,0.898990,0.000000,1,0.000000,0.000000
3,0.031250,food,food,53,0.616162,0.505050,0.000000,0,0.000000,0.000000
3,0.031250,food,food,54,0.989899,0.111111,0.000000,1,0.000000,0.000000
3,0.031250,food,food,55,0.353535,0.727273,0.000000,1,0.000000,0.000000
3,0.031250,food,food,56,0.727273,0.333333,0.000000,1,0.000000,0.000000
3,0.031250,food,food,57,0.090909,0.949495,0.000000,1,0.000000,0.000000
3,0.031250,food,food,58,0.464646,0.555556,0.000000,0,0.000000,0.000000
3,0.031250,food,food,59,0.838384,0.161616,0.000000,1,0.000000,0.000000
3,0.031250,food,food,60,0.202020,0.777778,0.000000,1,0.000000,0.000000
3,0.031250,food,food,61,0.575758,0.383838,0.000000,0,0.000000,0.000000
3,0.031250,food,food,62,0.949495,1.000000,0.000000,1,0.000000,0.000000
3,0.031250,food,food,63,0.850551,0.864223,0.000000,1,0.000000,0.000000
3,0.031250,food,food,64,0.686869,0.212121,0.000000,1,0.000000,0.000000
3,0.031250,food,food,65,0.050505,0.828283,0.000000,1,0.000000,0.000000
3,0.031250,food,food,66,0.644917,0.864376,0.000000,1,0.000000,0.000000
3,0.031250,food,food,67,0.797980,0.040404,0.000000,1,0.000000,0.000000
3,0.031250,food,food,68,0.161616,0.656566,0.000000,1,0.000000,0.000000
3,0.031250,food,food,69,0.535354,0.262626,0.000000,1,0.000000,0.000000
3,0.031250,food,food,70,0.909091,0.878788,0.000000,1,0.000000,0.000000
3,0.031250,food,food,71,0.272727,0.484848,0.000000,0,0.000000,0.000000
3,0.031250,food,food,72,0.646465,0.090909,0.000000,1,0.000000,0.000000
3,0.031250,food,food,73,0.010101,0.707071,0.000000,1,0.000000,0.000000
3,0.031250,food,food,74,0.383838,0.313131,0.000000,1,0.000000,0.000000
3,0.031250,food,food,75,0.757576,0.929293,0.000000,1,0.000000,0.000000
3,0.031250,food,food,76,0.121212,0.535354,0.000000,1,0.000000,0.000000
3,0.031250,food,food,77,0.494949,0.141414,0.000000,1,0.000000,0.000000
3,0.031250,food,food,78,0.868687,0.757576,0.000000,1,0.000000,0.000000
3,0.031250,food,food,79,0.232323,0.363636,0.000000,1,0.000000,0.000000
3,0.031250,food,food,80,0.606061,0.979798,0.000000,1,0.000000,0.000000
3,0.031250,food,food,81,0.979798,0.585859,0.000000,1,0.000000,0.000000
3,0.031250,food,food,82,0.343434,0.191919,0.000000,1,0.000000,0.000000
3,0.031250,food,food,83,0.717172,0.808081,0.000000,1,0.000000,0.000000
3,0.031250,food,food,84,0.080808,0.414141,0.000000,1,0.000000,0.000000
3,0.031250,food,food,85,0.454545,0.020202,0.000000,1,0.000000,0.000000
3,0.031250,food,food,86,0.828283,0.636364,0.000000,1,0.000000,0.000000
3,0.031250,food,food,87,0.191919,0.242424,0.000000,1,0.000000,0.000000
3,0.031250,food,food,88,0.565657,0.858586,0.000000,1,0.000000,0.000000
3,0.031250,food,food,89,0.939394,0.464646,0.000000,1,0.000000,0.000000
3,0.031250,food,food,90,0.303030,0.070707,0.000000,1,0.000000,0.000000
3,0.031250,food,food,91,0.676768,0.686869,0.000000,1,0.000000,0.000000
3,0.031250,food,food,92,0.040404,0.292929,0.000000,1,0.000000,0.000000
3,0.031250,food,food,93,0.414141,0.909091,0.000000,1,0.000000,0.000000
3,0.031250,food,food,94,0.787879,0.515152,0.000000,1,0.000000,0.000000
3,0.031250,food,food,95,0.151515,0.121212,0.000000,1,0.000000,0.000000
3,0.031250,food,food,96,0.525253,0.737374,0.000000,1,0.000000,0.000000
3,0.031250,food,food,97,0.898990,0.343434,0.000000,1,0.000000,0.000000
3,0.031250,food,food,98,0.262626,0.959596,0.000000,1,0.000000,0.000000
3,0.031250,food,food,99,0.636364,0.565657,0.000000,0,0.000000,0.000000
3,0.031250,food,food,100,0.000000,0.171717,0.000000,1,0.000000,0.000000
3,0.031250,food,food,101,0.373737,0.787879,0.000000,1,0.000000,0.000000
3,0.031250,food,food,102,0.747475,0.393939,0.000000,1,0.000000,0.000000
3,0.031250,food,food,103,0.111111,0.000000,0.000000,1,0.000000,0.000000
3,0.031250,food,food,104,0.484848,0.616162,0.000000,0,0.000000,0.000000
3,0.031250,food,food,105,0.858586,0.222222,0.000000,1,0.000000,0.000000
3,0.031250,food,food,106,0.222222,0.838384,0.000000,1,0.000000,0.000000
3,0.031250,food,food,107,0.595960,0.444444,0.000000,0,0.000000,0.000000
3,0.031250,food,food,108,0.969697,0.050505,0.000000,1,0.000000,0.000000
3,0.031250,food,food,109,0.333333,0.666667,0.000000,0,0.000000,0.000000
3,0.031250,food,food,110,0.707071,0.272727,0.000000,1,0.000000,0.000000
3,0.031250,food,food,111,0.070707,0.888889,0.000000,1,0.000000,0.000000
3,0.031250,food,food,112,0.444444,0.494949,0.000000,0,0.000000,0.000000
3,0.031250,food,food,113,0.818182,0.101010,0.000000,1,0.000000,0.000000
3,0.031250,food,food,114,0.181818,0.717172,0.000000,1,0.000000,0.000000
3,0.031250,food,food,115,0.440168,0.521958,0.000000,1,0.000000,0.000000
3,0.031250,food,food,116,0.929293,0.939394,0.000000,1,0.000000,0.000000
3,0.031250,food,food,117,0.292929,0.545455,0.000000,0,0.000000,0.000000
3,0.031250,food,food,118,0.666667,0.151515,0.000000,1,0.000000,0.000000
3,0.031250,food,food,119,0.030303,0.767677,0.000000,1,0.000000,0.000000
3,0.031250,food,food,120,0.427717,0.823054,0.000000,1,0.000000,0.000000
3,0.031250,food,food,121,0.777778,0.989899,0.000000,1,0.000000,0.000000
3,0.031250,food,food,122,0.141414,0.595960,0.000000,1,0.000000,0.000000
3,0.031250,food,food,123,0.515152,0.202020,0.000000,1,0.000000,0.000000
3,0.031250,food,food,124,0.888889,0.818182,0.000000,1,0.000000,0.000000
3,0.031250,food,food,125,0.252525,0.424242,0.000000,1,0.000000,0.000000
3,0.031250,food,food,126,0.626263,0.030303,0.000000,1,0.000000,0.000000
3,0.031250,food,food,127,1.000000,0.646465,0.000000,1,0.000000,0.000000
3,0.031250,food,food,128,0.363636,0.252525,0.000000,1,0.000000,0.000000
3,0.031250,food,food,129,0.737374,0.868687,0.000000,1,0.000000,0.000000
3,0.031250,food,food,130,0.101010,0.474747,0.000000,1,0.000000,0.000000
3,0.031250,food,food,131,0.474747,0.080808,0.000000,1,0.000000,0.000000
3,0.031250,food,food,132,0.848485,0.696970,0.000000,1,0.000000,0.000000
3,0.031250,food,food,133,0.212121,0.303030,0.000000,1,0.000000,0.000000
3,0.031250,food,food,134,0.585859,0.919192,0.000000,1,0.000000,0.000000
3,0.031250,food,food,135,0.959596,0.525253,0.000000,1,0.000000,0.000000
3,0.031250,food,food,136,0.323232,0.131313,0.000000,1,0.000000,0.000000
3,0.031250,food,food,137,0.696970,0.747475,0.000000,1,0.000000,0.000000
3,0.031250,food,food,138,0.060606,0.353535,0.000000,1,0.000000,0.000000
3,0.031250,food,food,139,0.434343,0.969697,0.000000,1,0.000000,0.000000
3,0.031250,food,food,140,0.808081,0.575758,0.000000,1,0.000000,0.000000
3,0.031250,food,food,141,0.171717,0.181818,0.000000,1,0.000000,0.000000
3,0.031250,food,food,142,0.545455,0.797980,0.000000,1,0.000000,0.000000
3,0.031250,food,food,143,0.919192,0.404040,0.000000,1,0.000000,0.000000
3,0.031250,food,food,144,0.282828,0.010101,0.000000,1,0.000000,0.000000
3,0.031250,food,food,145,0.656566,0.626263,0.000000,0,0.000000,0.000000
3,0.031250,food,food,146,0.020202,0.232323,0.000000,1,0.000000,0.000000
3,0.031250,food,food,147,0.393939,0.848485,0.000000,1,0.000000,0.000000
3,0.031250,food,food,148,0.767677,0.454545,0.000000,1,0.000000,0.000000
3,0.031250,food,food,149,0.131313,0.060606,0.000000,1,0.000000,0.000000
3,0.031250,food,food,150,0.505050,0.676768,0.000000,0,0.000000,0.000000
3,0.031250,food,food,151,0.878788,0.282828,0.000000,1,0.000000,0.000000
3,0.031250,food,food,152,0.242424,0.898990,0.000000,1,0.000000,0.000000
3,0.031250,food,food,153,0.231666,0.638234,0.000000,1,0.000000,0.000000
3,0.031250,food,food,154,0.989899,0.111111,0.000000,1,0.000000,0.000000
3,0.031250,food,food,155,0.353535,0.727273,0.000000,1,0.000000,0.000000
3,0.031250,food,food,156,0.727273,0.333333,0.000000,1,0.000000,0.000000
3,0.031250,food,food,157,0.090909,0.949495,0.000000,1,0.000000,0.000000
3,0.031250,food,food,158,0.464646,0.555556,0.000000,0,0.000000,0.000000
3,0.031250,food,food,159,0.838384,0.161616,0.000000,1,0.000000,0.000000
3,0.031250,food,food,160,0.202020,0.777778,0.000000,1,0.000000,0.000000
3,0.031250,food,food,161,0.281747,0.971038,0.000000,1,0.000000,0.000000
3,0.031250,food,food,162,0.949495,1.000000,0.000000,1,0.000000,0.000000
3,0.031250,food,food,163,0.313131,0.606061,0.000000,0,0.000000,0.000000
3,0.031250,food,food,164,0.686869,0.212121,0.000000,1,0.000000,0.000000
3,0.031250,food,food,165,0.050505,0.828283,0.000000,1,0.000000,0.000000
3,0.031250,food,food,166,0.046968,0.151830,0.000000,1,0.000000,0.000000
3,0.031250,food,food,167,0.797980,0.040404,0.000000,1,0.000000,0.000000
3,0.031250,food,food,168,0.161616,0.656566,0.000000,1,0.000000,0.000000
3,0.031250,food,food,169,0.535354,0.262626,0.000000,1,0.000000,0.000000
3,0.031250,food,food,170,0.909091,0.878788,0.000000,1,0.000000,0.000000
3,0.031250,food,food,171,0.643880,0.348582,0.000000,0,0.000000,0.000000
3,0.031250,food,food,172,0.646465,0.090909,0.000000,1,0.000000,0.000000
3,0.031250,food,food,173,0.010101,0.707071,0.000000,1,0.000000,0.000000
3,0.031250,food,food,174,0.383838,0.313131,0.000000,1,0.000000,0.000000
3,0.031250,food,food,175,0.757576,0.929293,0.000000,1,0.000000,0.000000
3,0.031250,food,food,176,0.121212,0.535354,0.000000,1,0.000000,0.000000
3,0.031250,food,food,177,0.494949,0.141414,0.000000,1,0.000000,0.000000
3,0.031250,food,food,178,0.868687,0.757576,0.000000,1,0.000000,0.000000
3,0.031250,food,food,179,0.232323,0.363636,0.000000,1,0.000000,0.000000
3,0.031250,food,food,180,0.606061,0.979798,0.000000,1,0.000000,0.000000
3,0.031250,food,food,181,0.979798,0.585859,0.000000,1,0.000000,0.000000
3,0.031250,food,food,182,0.343434,0.191919,0.000000,1,0.000000,0.000000
3,0.031250,food,food,183,0.717172,0.808081,0.000000,1,0.000000,0.000000
3,0.031250,food,food,184,0.080808,0.414141,0.000000,1,0.000000,0.000000
3,0.031250,food,food,185,0.454545,0.020202,0.000000,1,0.000000,0.000000
3,0.031250,food,food,186,0.828283,0.636364,0.000000,1,0.000000,0.000000
3,0.031250,food,food,187,0.191919,0.242424,0.000000,1,0.000000,0.000000
3,0.031250,food,food,188,0.565657,0.858586,0.000000,1,0.000000,0.000000
3,0.031250,food,food,189,0.939394,0.464646,0.000000,1,0.000000,0.000000
3,0.031250,food,food,190,0.303030,0.070707,0.000000,1,0.000000,0.000000
3,0.031250,food,food,191,0.676768,0.686869,0.000000,1,0.000000,0.000000
3,0.031250,food,food,192,0.040404,0.292929,0.000000,1,0.000000,0.000000
3,0.031250,food,food,193,0.414141,0.909091,0.000000,1,0.000000,0.000000
3,0.031250,food,food,194,0.787879,0.515152,0.000000,1,0.000000,0.000000
3,0.031250,food,food,195,0.151515,0.121212,0.000000,1,0.000000,0.000000
3,0.031250,food,food,196,0.525253,0.737374,0.000000,1,0.000000,0.000000
3,0.031250,food,food,197,0.898990,0.343434,0.000000,1,0.000000,0.000000
3,0.031250,food,food,198,0.262626,0.959596,0.000000,1,0.000000,0.000000
3,0.031250,food,food,199,0.636364,0.565657,0.000000,0,0.000000,0.000000
3,0.031250,food,food,200,0.000000,0.171717,0.000000,1,0.000000,0.000000
3,0.031250,food,food,201,0.373737,0.787879,0.000000,1,0.000000,0.000000
3,0.031250,food,food,202,0.747475,0.393939,0.000000,1,0.000000,0.000000
3,0.031250,food,food,203,0.111111,0.000000,0.000000,1,0.000000,0.000000
3,0.031250,food,food,204,0.775506,0.998749,0.000000,1,0.000000,0.000000
3,0.031250,food,food,205,0.858586,0.222222,0.000000,1,0.000000,0.000000
3,0.031250,food,food,206,0.222222,0.838384,0.000000,1,0.000000,0.000000
3,0.031250,food,food,207,0.154088,0.807611,0.000000,1,0.000000,0.000000
3,0.031250,food,food,208,0.969697,0.050505,0.000000,1,0.000000,0.000000
3,0.031250,food,food,209,0.333333,0.666667,0.000000,0,0.000000,0.000000
3,0.031250,food,food,210,0.707071,0.272727,0.000000,1,0.000000,0.000000
3,0.031250,food,food,211,0.070707,0.888889,0.000000,1,0.000000,0.000000
3,0.031250,food,food,212,0.444444,0.494949,0.000000,0,0.000000,0.000000
3,0.031250,food,food,213,0.818182,0.101010,0.000000,1,0.000000,0.000000
3,0.031250,food,food,214,0.181818,0.717172,0.000000,1,0.000000,0.000000
3,0.031250,food,food,215,0.289804,0.688162,0.000000,1,0.000000,0.000000
3,0.031250,food,food,216,0.929293,0.939394,0.000000,1,0.000000,0.000000
3,0.031250,food,food,217,0.657521,0.337992,0.000000,0,0.000000,0.000000
3,0.031250,food,food,218,0.666667,0.151515,0.000000,1,0.000000,0.000000
3,0.031250,food,food,219,0.030303,0.767677,0.000000,1,0.000000,0.000000
3,0.031250,food,food,220,0.647633,0.978423,0.000000,1,0.000000,0.000000
3,0.031250,food,food,221,0.777778,0.989899,0.000000,1,0.000000,0.000000
3,0.031250,food,food,222,0.141414,0.595960,0.000000,1,0.000000,0.000000
3,0.031250,food,food,223,0.515152,0.202020,0.000000,1,0.000000,0.000000
3,0.031250,food,food,224,0.888889,0.818182,0.000000,1,0.000000,0.000000
3,0.031250,food,food,225,0.712363,0.548235,0.000000,1,0.000000,0.000000
3,0.031250,food,food,226,0.626263,0.030303,0.000000,1,0.000000,0.000000
3,0.031250,food,food,227,1.000000,0.646465,0.000000,1,0.000000,0.000000
3,0.031250,food,food,228,0.363636,0.252525,0.000000,1,0.000000,0.000000
3,0.031250,food,food,229,0.737374,0.868687,0.000000,1,0.000000,0.000000
3,0.031250,food,food,230,0.101010,0.474747,0.000000,1,0.000000,0.000000
3,0.031250,food,food,231,0.474747,0.080808,0.000000,1,0.000000,0.000000
3,0.031250,food,food,232,0.848485,0.696970,0.000000,1,0.000000,0.000000
3,0.031250,food,food,233,0.212121,0.303030,0.000000,1,0.000000,0.000000
3,0.031250,food,food,234,0.585859,0.919192,0.000000,1,0.000000,0.000000
3,0.031250,food,food,235,0.959596,0.525253,0.000000,1,0.000000,0.000000
3,0.031250,food,food,236,0.323232,0.131313,0.000000,1,0.000000,0.000000
3,0.031250,food,food,237,0.696970,0.747475,0.000000,1,0.000000,0.000000
3,0.031250,food,food,238,0.060606,0.353535,0.000000,1,0.000000,0.000000
3,0.031250,food,food,239,0.434343,0.969697,0.000000,1,0.000000,0.000000
3,0.031250,food,food,240,0.808081,0.575758,0.000000,1,0.000000,0.000000
3,0.031250,food,food,241,0.171717,0.181818,0.000000,1,0.000000,0.000000
3,0.031250,food,food,242,0.545455,0.797980,0.000000,1,0.000000,0.000000
3,0.031250,food,food,243,0.919192,0.404040,0.000000,1,0.000000,0.000000
3,0.031250,food,food,244,0.282828,0.010101,0.000000,1,0.000000,0.000000
3,0.031250,food,food,245,0.656566,0.626263,0.000000,0,0.000000,0.000000
3,0.031250,food,food,246,0.020202,0.232323,0.000000,1,0.000000,0.000000
3,0.031250,food,food,247,0.393939,0.848485,0.000000,1,0.000000,0.000000
3,0.031250,food,food,248,0.767677,0.454545,0.000000,1,0.000000,0.000000
3,0.031250,food,food,249,0.131313,0.060606,0.000000,1,0.000000,0.000000
3,0.031250,food,food,250,0.952055,0.492630,0.000000,1,0.000000,0.000000
3,0.031250,food,food,251,0.878788,0.282828,0.000000,1,0.000000,0.000000
3,0.031250,food,food,252,0.242424,0.898990,0.000000,1,0.000000,0.000000
3,0.031250,food,food,253,0.863338,0.426801,0.000000,1,0.000000,0.000000
3,0.031250,food,food,254,0.989899,0.111111,0.000000,1,0.000000,0.000000
3,0.031250,food,food,255,0.353535,0.727273,0.000000,1,0.000000,0.000000
3,0.031250,food,food,256,0.727273,0.333333,0.000000,1,0.000000,0.000000
3,0.031250,food,food,257,0.090909,0.949495,0.000000,1,0.000000,0.000000
3,0.031250,food,food,258,0.464646,0.555556,0.000000,0,0.000000,0.000000
3,0.031250,food,food,259,0.838384,0.161616,0.000000,1,0.000000,0.000000
3,0.031250,cover,cover,0,0.131313,0.262929,0.000000,1,0.000000,0.350000
3,0.031250,cover,cover,1,0.565657,0.000000,0.000000,1,0.000000,0.777778
3,0.031250,cover,cover,2,1.000000,0.717172,0.000000,1,0.000000,0.594444
3,0.031250,cover,cover,3,0.424242,0.439242,0.000000,1,0.000000,0.411111
3,0.031250,cover,cover,4,0.858586,0.161313,0.000000,1,0.000000,0.838889
3,0.031250,cover,cover,5,0.282828,0.818485,0.000000,1,0.000000,0.655556
3,0.031250,cover,cover,6,0.717172,0.540556,0.000000,1,0.000000,0.472222
3,0.031250,cover,cover,7,0.141414,0.262626,0.000000,1,0.000000,0.900000
3,0.031250,cover,cover,8,0.575758,0.994798,0.000000,1,0.000000,0.716667
3,0.031250,cover,cover,9,0.000000,0.716869,0.000000,1,0.000000,0.533333
3,0.031250,cover,cover,10,0.434343,0.363939,0.000000,1,0.000000,0.350000
3,0.031250,cover,cover,11,0.868687,0.086010,0.000000,1,0.000000,0.777778
3,0.031250,cover,cover,12,0.292929,0.818182,0.000000,1,0.000000,0.594444
3,0.031250,cover,cover,13,0.727273,0.540253,0.000000,1,0.000000,0.411111
3,0.031250,cover,cover,14,0.151515,0.262323,0.000000,1,0.000000,0.838889
3,0.031250,cover,cover,15,0.585859,0.919495,0.000000,1,0.000000,0.655556
3,0.031250,cover,cover,16,0.010101,0.641566,0.000000,1,0.000000,0.472222
3,0.031250,cover,cover,17,0.444444,0.363636,0.000000,1,0.000000,0.900000
3,0.031250,cover,cover,18,0.878788,0.085707,0.000000,1,0.000000,0.716667
3,0.031250,cover,cover,19,0.303030,0.817879,0.000000,1,0.000000,0.533333
3,0.031250,cover,cover,20,0.737374,0.464949,0.000000,1,0.000000,0.350000
3,0.031250,cover,cover,21,0.161616,0.187020,0.000000,1,0.000000,0.777778
3,0.031250,cover,cover,22,0.595960,0.919192,0.000000,1,0.000000,0.594444
3,0.031250,cover,cover,23,0.020202,0.641263,0.000000,1,0.000000,0.411111
3,0.031250,cover,cover,24,0.454545,0.363333,0.000000,1,0.000000,0.838889
3,0.031250,cover,cover,25,0.888889,0.010404,0.000000,1,0.000000,0.655556
3,0.031250,cover,cover,26,0.313131,0.742576,0.000000,1,0.000000,0.472222
3,0.031250,cover,cover,27,0.747475,0.464646,0.000000,1,0.000000,0.900000
3,0.031250,cover,cover,28,0.171717,0.186717,0.000000,1,0.000000,0.716667
3,0.031250,cover,cover,29,0.606061,0.918889,0.000000,1,0.000000,0.533333
3,0.031250,cover,cover,30,0.030303,0.565960,0.000000,1,0.000000,0.350000
3,0.031250,cover,cover,31,0.464646,0.288030,0.000000,1,0.000000,0.777778
3,0.031250,cover,cover,32,0.898990,0.010101,0.000000,1,0.000000,0.594444
3,0.031250,cover,cover,33,0.323232,0.742273,0.000000,1,0.000000,0.411111
3,0.031250,cover,cover,34,0.757576,0.464343,0.000000,1,0.000000,0.838889
3,0.031250,cover,cover,35,0.181818,0.111414,0.000000,1,0.000000,0.655556
3,0.031250,cover,cover,36,0.616162,0.843586,0.000000,1,0.000000,0.472222
3,0.031250,cover,cover,37,0.040404,0.565657,0.000000,1,0.000000,0.900000
3,0.031250,cover,cover,38,0.474747,0.287727,0.000000,1,0.000000,0.716667
3,0.031250,cover,cover,39,0.909091,1.000000,0.000000,1,0.000000,0.533333
3,0.031250,cover,cover,40,0.333333,0.666970,0.000000,1,0.000000,0.350000
3,0.031250,cover,cover,41,0.767677,0.389040,0.000000,1,0.000000,0.777778
3,0.031250,cover,cover,42,0.191919,0.111111,0.000000,1,0.000000,0.594444
3,0.031250,cover,cover,43,0.626263,0.843283,0.000000,1,0.000000,0.411111
3,0.031250,cover,cover,44,0.050505,0.565354,0.000000,1,0.000000,0.838889
3,0.031250,cover,cover,45,0.484848,0.212424,0.000000,1,0.000000,0.655556
3,0.031250,cover,cover,46,0.919192,0.944596,0.000000,1,0.000000,0.472222
3,0.031250,cover,cover,47,0.343434,0.666667,0.000000,1,0.000000,0.900000
3,0.031250,cover,cover,48,0.777778,0.388737,0.000000,1,0.000000,0.716667
3,0.031250,cover,cover,49,0.202020,0.110808,0.000000,1,0.000000,0.533333
3,0.031250,cover,cover,50,0.636364,0.767980,0.000000,1,0.000000,0.350000
3,0.031250,cover,cover,51,0.060606,0.490050,0.000000,1,0.000000,0.777778
3,0.031250,cover,cover,52,0.494949,0.212121,0.000000,1,0.000000,0.594444
3,0.031250,cover,cover,53,0.929293,0.944293,0.000000,1,0.000000,0.411111
3,0.031250,cover,cover,54,0.353535,0.666364,0.000000,1,0.000000,0.838889
3,0.031250,cover,cover,55,0.787879,0.313434,0.000000,1,0.000000,0.655556
3,0.031250,cover,cover,56,0.212121,0.035505,0.000000,1,0.000000,0.472222
3,0.031250,cover,cover,57,0.646465,0.767677,0.000000,1,0.000000,0.900000
3,0.031250,cover,cover,58,0.070707,0.489747,0.000000,1,0.000000,0.716667
3,0.031250,cover,cover,59,0.505050,0.211818,0.000000,1,0.000000,0.533333
3,0.031250,cover,cover,60,0.939394,0.868990,0.000000,1,0.000000,0.350000
3,0.031250,cover,cover,61,0.363636,0.591061,0.000000,1,0.000000,0.777778
3,0.031250,cover,cover,62,0.797980,0.313131,0.000000,1,0.000000,0.594444
3,0.031250,cover,cover,63,0.222222,0.035202,0.000000,1,0.000000,0.411111
3,0.031250,cover,cover,64,0.656566,0.767374,0.000000,1,0.000000,0.838889
3,0.031250,cover,cover,65,0.080808,0.414444,0.000000,1,0.000000,0.655556
3,0.031250,cover,cover,66,0.515152,0.136515,0.000000,1,0.000000,0.472222
3,0.031250,cover,cover,67,0.949495,0.868687,0.000000,1,0.000000,0.900000
3,0.031250,cover,cover,68,0.373737,0.590758,0.000000,1,0.000000,0.716667
3,0.031250,cover,cover,69,0.808081,0.312828,0.000000,1,0.000000,0.533333
3,0.031250,cover,cover,70,0.232323,0.970000,0.000000,1,0.000000,0.350000
3,0.031250,cover,cover,71,0.666667,0.692071,0.000000,1,0.000000,0.777778
3,0.031250,cover,cover,72,0.090909,0.414141,0.000000,1,0.000000,0.594444
3,0.031250,cover,cover,73,0.525253,0.136212,0.000000,1,0.000000,0.411111
3,0.031250,cover,cover,74,0.959596,0.868384,0.000000,1,0.000000,0.838889
3,0.031250,cover,cover,75,0.383838,0.515455,0.000000,1,0.000000,0.655556
3,0.031250,cover,cover,76,0.818182,0.237525,0.000000,1,0.000000,0.472222
3,0.031250,cover,cover,77,0.242424,0.969697,0.000000,1,0.000000,0.900000
3,0.031250,cover,cover,78,0.676768,0.691768,0.000000,1,0.000000,0.716667
3,0.031250,cover,cover,79,0.101010,0.413838,0.000000,1,0.000000,0.533333
3,0.031250,cover,cover,80,0.535354,0.060909,0.000000,1,0.000000,0.350000
3,0.031250,cover,cover,81,0.969697,0.793081,0.000000,1,0.000000,0.777778
3,0.031250,cover,cover,82,0.393939,0.515152,0.000000,1,0.000000,0.594444
3,0.031250,cover,cover,83,0.828283,0.237222,0.000000,1,0.000000,0.411111
3,0.031250,cover,cover,84,0.252525,0.969394,0.000000,1,0.000000,0.838889
3,0.031250,cover,cover,85,0.686869,0.616465,0.000000,1,0.000000,0.655556
3,0.031250,cover,cover,86,0.111111,0.338535,0.000000,1,0.000000,0.472222
3,0.031250,cover,cover,87,0.545455,0.060606,0.000000,1,0.000000,0.900000
3,0.031250,cover,cover,88,0.979798,0.792778,0.000000,1,0.000000,0.716667
3,0.031250,cover,cover,89,0.404040,0.514848,0.000000,1,0.000000,0.533333
3,0.031250,cover,cover,90,0.838384,0.161919,0.000000,1,0.000000,0.350000
3,0.031250,cover,cover,91,0.262626,0.894091,0.000000,1,0.000000,0.777778
3,0.031250,cover,cover,92,0.696970,0.616162,0.000000,1,0.000000,0.594444
3,0.031250,cover,cover,93,0.121212,0.338232,0.000000,1,0.000000,0.411111
3,0.031250,cover,cover,94,0.555556,0.060303,0.000000,1,0.000000,0.838889
3,0.031250,cover,cover,95,0.989899,0.717475,0.000000,1,0.000000,0.655556
3,0.031250,cover,cover,96,0.414141,0.439545,0.000000,1,0.000000,0.472222
3,0.031250,cover,cover,97,0.848485,0.161616,0.000000,1,0.000000,0.900000
3,0.031250,cover,cover,98,0.272727,0.893788,0.000000,1,0.000000,0.716667
3,0.031250,cover,cover,99,0.707071,0.615859,0.000000,1,0.000000,0.533333
4,0.041667,agent,bluegill,0,0.659639,0.534627,1.177200,1,0.300000,0.000000
4,0.041667,agent,bluegill,1,0.665047,0.576980,1.177200,1,0.300000,0.000000
4,0.041667,agent,bluegill,2,0.652412,0.572247,0.997200,1,0.300000,0.000000
4,0.041667,agent,bluegill,3,0.665203,0.651602,1.537200,1,0.308006,0.000000
4,0.041667,agent,bluegill,4,0.656924,0.650612,0.997200,1,0.300000,0.000000
4,0.041667,agent,bluegill,5,0.665635,0.649359,0.997200,1,0.300000,0.000000
4,0.041667,agent,bluegill,6,0.496230,0.699295,1.357200,1,0.301727,0.000000
4,0.041667,agent,bluegill,7,0.505298,0.697360,1.177200,1,0.300000,0.000000
4,0.041667,agent,bluegill,8,0.513606,0.700510,0.997200,1,0.300000,0.000000
4,0.041667,agent,bluegill,9,0.521657,0.702921,0.997200,1,0.300000,0.000000
4,0.041667,agent,bluegill,10,0.310975,0.669811,1.357200,1,0.300858,0.000000
4,0.041667,agent,bluegill,11,0.338822,0.662760,1.177200,1,0.300000,0.000000
4,0.041667,agent,bluegill,12,0.280530,0.597546,1.357200,1,0.302606,0.000000
4,0.041667,agent,bluegill,13,0.329648,0.659264,0.997200,1,0.300000,0.000000
4,0.041667,agent,bluegill,14,0.285125,0.563981,1.537200,1,0.308006,0.000000
4,0.041667,agent,bluegill,15,0.256790,0.437234,1.537200,1,0.305306,0.000000
4,0.041667,agent,bluegill,16,0.258001,0.436729,0.997200,1,0.300000,0.000000
4,0.041667,agent,bluegill,17,0.235609,0.423724,1.177200,1,0.300000,0.000000
4,0.041667,agent,bluegill,18,0.408598,0.345722,1.357200,1,0.301727,0.000000
4,0.041667,agent,bluegill,19,0.395739,0.349781,1.177200,1,0.300000,0.000000
4,0.041667,agent,bluegill,20,0.396136,0.345275,0.997200,1,0.300000,0.000000
4,0.041667,agent,bluegill,21,0.390661,0.359880,0.997200,1,0.300000,0.000000
4,0.041667,agent,bluegill,22,0.548038,0.299603,1.357200,1,0.301727,0.000000
4,0.041667,agent,bluegill,23,0.540290,0.297755,1.177200,1,0.300000,0.000000
4,0.041667,agent,bluegill,24,0.544415,0.281316,1.177200,1,0.300000,0.000000
4,0.041667,agent,bluegill,25,0.557704,0.308665,0.997200,1,0.300000,0.000000
4,0.041667,agent,bluegill,26,0.664456,0.344872,1.357200,1,0.301727,0.000000
4,0.041667,agent,bluegill,27,0.673083,0.344206,1.177200,1,0.300000,0.000000
4,0.041667,agent,bluegill,28,0.650097,0.411662,1.177200,1,0.300000,0.000000
4,0.041667,agent,bluegill,29,0.662080,0.526217,0.997200,1,0.300000,0.000000
4,0.041667,agent,minnow,30,0.656097,0.525217,1.227800,1,0.075000,0.000000
4,0.041667,agent,minnow,31,0.650649,0.530920,1.047800,1,0.075000,0.000000
4,0.041667,agent,minnow,32,0.664047,0.575917,1.227800,1,0.075000,0.000000
4,0.041667,agent,minnow,33,0.660543,0.576029,1.047800,1,0.075000,0.000000
4,0.041667,agent,minnow,34,0.622165,0.562932,1.227800,1,0.075000,0.000000
4,0.041667,agent,minnow,35,0.618979,0.564568,1.047800,1,0.075000,0.000000
4,0.041667,agent,minnow,36,0.471274,0.594871,1.407800,1,0.078242,0.000000
4,0.041667,agent,minnow,37,0.462610,0.598945,1.047800,1,0.075000,0.000000
4,0.041667,agent,minnow,38,0.488727,0.587173,1.227800,1,0.075000,0.000000
4,0.041667,agent,minnow,39,0.479824,0.590106,1.047800,1,0.075000,0.000000
4,0.041667,agent,minnow,40,0.473191,0.594689,1.047800,1,0.075000,0.000000
4,0.041667,agent,minnow,41,0.473334,0.600652,1.047800,1,0.075000,0.000000
4,0.041667,agent,minnow,42,0.475886,0.597483,1.047800,1,0.075000,0.000000
4,0.041667,agent,minnow,43,0.470845,0.589345,1.047800,1,0.075000,0.000000
4,0.041667,agent,minnow,44,0.450286,0.542340,1.767800,1,0.087976,0.000000
4,0.041667,agent,minnow,45,0.448280,0.539906,1.047800,1,0.075000,0.000000
4,0.041667,agent,minnow,46,0.445878,0.537924,1.047800,1,0.075000,0.000000
4,0.041667,agent,minnow,47,0.442955,0.534850,1.047800,1,0.075000,0.000000
4,0.041667,agent,minnow,48,0.440457,0.530193,1.047800,1,0.075000,0.000000
4,0.041667,agent,minnow,49,0.464592,0.543191,1.047800,1,0.075000,0.000000
4,0.041667,agent,minnow,50,0.449002,0.503117,1.407800,1,0.078242,0.000000
4,0.041667,agent,minnow,51,0.442330,0.523855,1.227800,1,0.075000,0.000000
4,0.041667,agent,minnow,52,0.439288,0.520780,1.047800,1,0.075000,0.000000
4,0.041667,agent,minnow,53,0.437315,0.516853,1.047800,1,0.075000,0.000000
4,0.041667,agent,minnow,54,0.435826,0.512328,1.047800,1,0.075000,0.000000
4,0.041667,agent,minnow,55,0.409188,0.380506,1.407800,1,0.079876,0.000000
4,0.041667,agent,minnow,56,0.410555,0.373414,1.047800,1,0.075000,0.000000
4,0.041667,agent,minnow,57,0.433625,0.493187,1.047800,1,0.075000,0.000000
4,0.041667,agent,minnow,58,0.434766,0.485388,1.047800,1,0.075000,0.000000
4,0.041667,agent,minnow,59,0.410559,0.382286,1.047800,1,0.075000,0.000000
4,0.041667,agent,minnow,60,0.414085,0.377595,1.047800,1,0.075000,0.000000
4,0.041667,agent,minnow,61,0.431663,0.489629,1.047800,1,0.075000,0.000000
4,0.041667,agent,minnow,62,0.434284,0.484468,1.047800,1,0.075000,0.000000
4,0.041667,agent,minnow,63,0.411366,0.384136,1.047800,1,0.075000,0.000000
4,0.041667,agent,minnow,64,0.410477,0.363457,1.047800,1,0.075000,0.000000
4,0.041667,agent,minnow,65,0.541311,0.324464,1.047800,1,0.075000,0.000000
4,0.041667,agent,minnow,66,0.544979,0.321573,1.047800,1,0.075000,0.000000
4,0.041667,agent,minnow,67,0.556748,0.362840,1.047800,1,0.075000,0.000000
4,0.041667,agent,minnow,68,0.561721,0.365259,1.227800,1,0.075000,0.000000
4,0.041667,agent,minnow,69,0.565277,0.367251,1.047800,1,0.075000,0.000000
4,0.041667,agent,minnow,70,0.567605,0.369970,1.047800,1,0.075000,0.000000
4,0.041667,agent,minnow,71,0.624200,0.424101,1.407800,1,0.079876,0.000000
4,0.041667,agent,minnow,72,0.565668,0.386304,1.047800,1,0.075000,0.000000
4,0.041667,agent,minnow,73,0.571539,0.396729,1.047800,1,0.075000,0.000000
4,0.041667,agent,minnow,74,0.607975,0.426291,1.047800,1,0.075000,0.000000
4,0.041667,agent,minnow,75,0.607252,0.459725,1.047800,1,0.075000,0.000000
4,0.041667,agent,minnow,76,0.635959,0.510834,1.227800,1,0.075000,0.000000
4,0.041667,agent,minnow,77,0.641402,0.517825,1.047800,1,0.075000,0.000000
4,0.041667,agent,minnow,78,0.643945,0.516952,1.047800,1,0.075000,0.000000
4,0.041667,agent,minnow,79,0.640082,0.514258,1.047800,1,0.075000,0.000000
4,0.041667,agent,bass,80,0.720390,0.502784,1.220000,1,1.260000,0.000000
4,0.041667,food,food,0,0.000000,0.171717,0.000000,1,0.000000,0.000000
4,0.041667,food,food,1,0.373737,0.787879,0.000000,1,0.000000,0.000000
4,0.041667,food,food,2,0.747475,0.393939,0.000000,1,0.000000,0.000000
4,0.041667,food,food,3,0.111111,0.000000,0.000000,1,0.000000,0.000000
4,0.041667,food,food,4,0.484848,0.616162,0.000000,0,0.000000,0.000000
4,0.041667,food,food,5,0.858586,0.222222,0.000000,1,0.000000,0.000000
4,0.041667,food,food,6,0.222222,0.838384,0.000000,1,0.000000,0.000000
4,0.041667,food,food,7,0.595960,0.444444,0.000000,0,0.000000,0.000000
4,0.041667,food,food,8,0.969697,0.050505,0.000000,1,0.000000,0.000000
4,0.041667,food,food,9,0.745537,0.798761,0.000000,1,0.000000,0.000000
4,0.041667,food,food,10,0.707071,0.272727,0.000000,1,0.000000,0.000000
4,0.041667,food,food,11,0.070707,0.888889,0.000000,1,0.000000,0.000000
4,0.041667,food,food,12,0.629475,0.204627,0.000000,1,0.000000,0.000000
4,0.041667,food,food,13,0.818182,0.101010,0.000000,1,0.000000,0.000000
4,0.041667,food,food,14,0.181818,0.717172,0.000000,1,0.000000,0.000000
4,0.041667,food,food,15,0.918393,0.591296,0.000000,1,0.000000,0.000000
4,0.041667,food,food,16,0.929293,0.939394,0.000000,1,0.000000,0.000000
4,0.041667,food,food,17,0.292929,0.545455,0.000000,0,0.000000,0.000000
4,0.041667,food,food,18,0.666667,0.151515,0.000000,1,0.000000,0.000000
4,0.041667,food,food,19,0.030303,0.767677,0.000000,1,0.000000,0.000000
4,0.041667,food,food,20,0.404040,0.373737,0.000000,0,0.000000,0.000000
4,0.041667,food,food,21,0.777778,0.989899,0.000000,1,0.000000,0.000000
4,0.041667,food,food,22,0.141414,0.595960,0.000000,1,0.000000,0.000000
4,0.041667,food,food,23,0.515152,0.202020,0.000000,1,0.000000,0.000000
4,0.041667,food,food,24,0.888889,0.818182,0.000000,1,0.000000,0.000000
4,0.041667,food,food,25,0.252525,0.424242,0.000000,1,0.000000,0.000000
4,0.041667,food,food,26,0.626263,0.030303,0.000000,1,0.000000,0.000000
4,0.041667,food,food,27,1.000000,0.646465,0.000000,1,0.000000,0.000000
4,0.041667,food,food,28,0.363636,0.252525,0.000000,1,0.000000,0.000000
4,0.041667,food,food,29,0.737374,0.868687,0.000000,1,0.000000,0.000000
4,0.041667,food,food,30,0.101010,0.474747,0.000000,1,0.000000,0.000000
4,0.041667,food,food,31,0.474747,0.080808,0.000000,1,0.000000,0.000000
4,0.041667,food,food,32,0.848485,0.696970,0.000000,1,0.000000,0.000000
4,0.041667,food,food,33,0.212121,0.303030,0.000000,1,0.000000,0.000000
4,0.041667,food,food,34,0.585859,0.919192,0.000000,1,0.000000,0.000000
4,0.041667,food,food,35,0.959596,0.525253,0.000000,1,0.000000,0.000000
4,0.041667,food,food,36,0.323232,0.131313,0.000000,1,0.000000,0.000000
4,0.041667,food,food,37,0.696970,0.747475,0.000000,1,0.000000,0.000000
4,0.041667,food,food,38,0.060606,0.353535,0.000000,1,0.000000,0.000000
4,0.041667,food,food,39,0.434343,0.969697,0.000000,1,0.000000,0.000000
4,0.041667,food,food,40,0.808081,0.575758,0.000000,1,0.000000,0.000000
4,0.041667,food,food,41,0.171717,0.181818,0.000000,1,0.000000,0.000000
4,0.041667,food,food,42,0.545455,0.797980,0.000000,1,0.000000,0.000000
4,0.041667,food,food,43,0.919192,0.404040,0.000000,1,0.000000,0.000000
4,0.041667,food,food,44,0.282828,0.010101,0.000000,1,0.000000,0.000000
4,0.041667,food,food,45,0.656566,0.626263,0.000000,0,0.000000,0.000000
4,0.041667,food,food,46,0.020202,0.232323,0.000000,1,0.000000,0.000000
4,0.041667,food,food,47,0.393939,0.848485,0.000000,1,0.000000,0.000000
4,0.041667,food,food,48,0.767677,0.454545,0.000000,1,0.000000,0.000000
4,0.041667,food,food,49,0.131313,0.060606,0.000000,1,0.000000,0.000000
4,0.041667,food,food,50,0.505050,0.676768,0.000000,0,0.000000,0.000000
4,0.041667,food,food,51,0.878788,0.282828,0.000000,1,0.000000,0.000000
4,0.041667,food,food,52,0.242424,0.898990,0.000000,1,0.000000,0.000000
4,0.041667,food,food,53,0.251961,0.182928,0.000000,1,0.000000,0.000000
4,0.041667,food,food,54,0.989899,0.111111,0.000000,1,0.000000,0.000000
4,0.041667,food,food,55,0.353535,0.727273,0.000000,1,0.000000,0.000000
4,0.041667,food,food,56,0.727273,0.333333,0.000000,1,0.000000,0.000000
4,0.041667,food,food,57,0.090909,0.949495,0.000000,1,0.000000,0.000000
4,0.041667,food,food,58,0.464646,0.555556,0.000000,0,0.000000,0.000000
4,0.041667,food,food,59,0.838384,0.161616,0.000000,1,0.000000,0.000000
4,0.041667,food,food,60,0.202020,0.777778,0.000000,1,0.000000,0.000000
4,0.041667,food,food,61,0.575758,0.383838,0.000000,0,0.000000,0.000000
4,0.041667,food,food,62,0.949495,1.000000,0.000000,1,0.000000,0.000000
4,0.041667,food,food,63,0.850551,0.864223,0.000000,1,0.000000,0.000000
4,0.041667,food,food,64,0.686869,0.212121,0.000000,1,0.000000,0.000000
4,0.041667,food,food,65,0.050505,0.828283,0.000000,1,0.000000,0.000000
4,0.041667,food,food,66,0.644917,0.864376,0.000000,1,0.000000,0.000000
4,0.041667,food,food,67,0.797980,0.040404,0.000000,1,0.000000,0.000000
4,0.041667,food,food,68,0.161616,0.656566,0.000000,1,0.000000,0.000000
4,0.041667,food,food,69,0.535354,0.262626,0.000000,1,0.000000,0.000000
4,0.041667,food,food,70,0.909091,0.878788,0.000000,1,0.000000,0.000000
4,0.041667,food,food,71,0.272727,0.484848,0.000000,0,0.000000,0.000000
4,0.041667,food,food,72,0.646465,0.090909,0.000000,1,0.000000,0.000000
4,0.041667,food,food,73,0.010101,0.707071,0.000000,1,0.000000,0.000000
4,0.041667,food,food,74,0.383838,0.313131,0.000000,1,0.000000,0.000000
4,0.041667,food,food,75,0.757576,0.929293,0.000000,1,0.000000,0.000000
4,0.041667,food,food,76,0.121212,0.535354,0.000000,1,0.000000,0.000000
4,0.041667,food,food,77,0.494949,0.141414,0.000000,1,0.000000,0.000000
4,0.041667,food,food,78,0.868687,0.757576,0.000000,1,0.000000,0.000000
4,0.041667,food,food,79,0.232323,0.363636,0.000000,1,0.000000,0.000000
4,0.041667,food,food,80,0.606061,0.979798,0.000000,1,0.000000,0.000000
4,0.041667,food,food,81,0.979798,0.585859,0.000000,1,0.000000,0.000000
4,0.041667,food,food,82,0.343434,0.191919,0.000000,1,0.000000,0.000000
4,0.041667,food,food,83,0.717172,0.808081,0.000000,1,0.000000,0.000000
4,0.041667,food,food,84,0.080808,0.414141,0.000000,1,0.000000,0.000000
4,0.041667,food,food,85,0.454545,0.020202,0.000000,1,0.000000,0.000000
4,0.041667,food,food,86,0.828283,0.636364,0.000000,1,0.000000,0.000000
4,0.041667,food,food,87,0.191919,0.242424,0.000000,1,0.000000,0.000000
4,0.041667,food,food,88,0.565657,0.858586,0.000000,1,0.000000,0.000000
4,0.041667,food,food,89,0.939394,0.464646,0.000000,1,0.000000,0.000000
4,0.041667,food,food,90,0.303030,0.070707,0.000000,1,0.000000,0.000000
4,0.041667,food,food,91,0.676768,0.686869,0.000000,1,0.000000,0.000000
4,0.041667,food,food,92,0.040404,0.292929,0.000000,1,0.000000,0.000000
4,0.041667,food,food,93,0.414141,0.909091,0.000000,1,0.000000,0.000000
4,0.041667,food,food,94,0.787879,0.515152,0.000000,1,0.000000,0.000000
4,0.041667,food,food,95,0.151515,0.121212,0.000000,1,0.000000,0.000000
4,0.041667,food,food,96,0.525253,0.737374,0.000000,1,0.000000,0.000000
4,0.041667,food,food,97,0.898990,0.343434,0.000000,1,0.000000,0.000000
4,0.041667,food,food,98,0.262626,0.959596,0.000000,1,0.000000,0.000000
4,0.041667,food,food,99,0.636364,0.565657,0.000000,0,0.000000,0.000000
4,0.041667,food,food,100,0.000000,0.171717,0.000000,1,0.000000,0.000000
4,0.041667,food,food,101,0.373737,0.787879,0.000000,1,0.000000,0.000000
4,0.041667,food,food,102,0.747475,0.393939,0.000000,1,0.000000,0.000000
4,0.041667,food,food,103,0.111111,0.000000,0.000000,1,0.000000,0.000000
4,0.041667,food,food,104,0.484848,0.616162,0.000000,0,0.000000,0.000000
4,0.041667,food,food,105,0.858586,0.222222,0.000000,1,0.000000,0.000000
4,0.041667,food,food,106,0.222222,0.838384,0.000000,1,0.000000,0.000000
4,0.041667,food,food,107,0.556352,0.034516,0.000000,1,0.000000,0.000000
4,0.041667,food,food,108,0.969697,0.050505,0.000000,1,0.000000,0.000000
4,0.041667,food,food,109,0.333333,0.666667,0.000000,0,0.000000,0.000000
4,0.041667,food,food,110,0.707071,0.272727,0.000000,1,0.000000,0.000000
4,0.041667,food,food,111,0.070707,0.888889,0.000000,1,0.000000,0.000000
4,0.041667,food,food,112,0.444444,0.494949,0.000000,0,0.000000,0.000000
4,0.041667,food,food,113,0.818182,0.101010,0.000000,1,0.000000,0.000000
4,0.041667,food,food,114,0.181818,0.717172,0.000000,1,0.000000,0.000000
4,0.041667,food,food,115,0.127750,0.996033,0.000000,1,0.000000,0.000000
4,0.041667,food,food,116,0.929293,0.939394,0.000000,1,0.000000,0.000000
4,0.041667,food,food,117,0.292929,0.545455,0.000000,0,0.000000,0.000000
4,0.041667,food,food,118,0.666667,0.151515,0.000000,1,0.000000,0.000000
4,0.041667,food,food,119,0.030303,0.767677,0.000000,1,0.000000,0.000000
4,0.041667,food,food,120,0.427717,0.823054,0.000000,1,0.000000,0.000000
4,0.041667,food,food,121,0.777778,0.989899,0.000000,1,0.000000,0.000000
4,0.041667,food,food,122,0.141414,0.595960,0.000000,1,0.000000,0.000000
4,0.041667,food,food,123,0.515152,0.202020,0.000000,1,0.000000,0.000000
4,0.041667,food,food,124,0.888889,0.818182,0.000000,1,0.000000,0.000000
4,0.041667,food,food,125,0.252525,0.424242,0.000000,0,0.000000,0.000000
4,0.041667,food,food,126,0.626263,0.030303,0.000000,1,0.000000,0.000000
4,0.041667,food,food,127,1.000000,0.646465,0.000000,1,0.000000,0.000000
4,0.041667,food,food,128,0.363636,0.252525,0.000000,1,0.000000,0.000000
4,0.041667,food,food,129,0.737374,0.868687,0.000000,1,0.000000,0.000000
4,0.041667,food,food,130,0.101010,0.474747,0.000000,1,0.000000,0.000000
4,0.041667,food,food,131,0.474747,0.080808,0.000000,1,0.000000,0.000000
4,0.041667,food,food,132,0.848485,0.696970,0.000000,1,0.000000,0.000000
4,0.041667,food,food,133,0.212121,0.303030,0.000000,1,0.000000,0.000000
4,0.041667,food,food,134,0.585859,0.919192,0.000000,1,0.000000,0.000000
4,0.041667,food,food,135,0.959596,0.525253,0.000000,1,0.000000,0.000000
4,0.041667,food,food,136,0.323232,0.131313,0.000000,1,0.000000,0.000000
4,0.041667,food,food,137,0.696970,0.747475,0.000000,1,0.000000,0.000000
4,0.041667,food,food,138,0.060606,0.353535,0.000000,1,0.000000,0.000000
4,0.041667,food,food,139,0.434343,0.969697,0.000000,1,0.000000,0.000000
4,0.041667,food,food,140,0.808081,0.575758,0.000000,1,0.000000,0.000000
4,0.041667,food,food,141,0.171717,0.181818,0.000000,1,0.000000,0.000000
4,0.041667,food,food,142,0.545455,0.797980,0.000000,1,0.000000,0.000000
4,0.041667,food,food,143,0.919192,0.404040,0.000000,1,0.000000,0.000000
4,0.041667,food,food,144,0.282828,0.010101,0.000000,1,0.000000,0.000000
4,0.041667,food,food,145,0.656566,0.626263,0.000000,0,0.000000,0.000000
4,0.041667,food,food,146,0.020202,0.232323,0.000000,1,0.000000,0.000000
4,0.041667,food,food,147,0.393939,0.848485,0.000000,1,0.000000,0.000000
4,0.041667,food,food,148,0.767677,0.454545,0.000000,1,0.000000,0.000000
4,0.041667,food,food,149,0.131313,0.060606,0.000000,1,0.000000,0.000000
4,0.041667,food,food,150,0.505050,0.676768,0.000000,0,0.000000,0.000000
4,0.041667,food,food,151,0.878788,0.282828,0.000000,1,0.000000,0.000000
4,0.041667,food,food,152,0.242424,0.898990,0.000000,1,0.000000,0.000000
4,0.041667,food,food,153,0.231666,0.638234,0.000000,1,0.000000,0.000000
4,0.041667,food,food,154,0.989899,0.111111,0.000000,1,0.000000,0.000000
4,0.041667,food,food,155,0.353535,0.727273,0.000000,1,0.000000,0.000000
4,0.041667,food,food,156,0.727273,0.333333,0.000000,1,0.000000,0.000000
4,0.041667,food,food,157,0.090909,0.949495,0.000000,1,0.000000,0.000000
4,0.041667,food,food,158,0.464646,0.555556,0.000000,0,0.000000,0.000000
4,0.041667,food,food,159,0.838384,0.161616,0.000000,1,0.000000,0.000000
4,0.041667,food,food,160,0.202020,0.777778,0.000000,1,0.000000,0.000000
4,0.041667,food,food,161,0.281747,0.971038,0.000000,1,0.000000,0.000000
4,0.041667,food,food,162,0.949495,1.000000,0.000000,1,0.000000,0.000000
4,0.041667,food,food,163,0.313131,0.606061,0.000000,0,0.000000,0.000000
4,0.041667,food,food,164,0.686869,0.212121,0.000000,1,0.000000,0.000000
4,0.041667,food,food,165,0.050505,0.828283,0.000000,1,0.000000,0.000000
4,0.041667,food,food,166,0.046968,0.151830,0.000000,1,0.000000,0.000000
4,0.041667,food,food,167,0.797980,0.040404,0.000000,1,0.000000,0.000000
4,0.041667,food,food,168,0.161616,0.656566,0.000000,1,0.000000,0.000000
4,0.041667,food,food,169,0.427503,0.410535,0.000000,1,0.000000,0.000000
4,0.041667,food,food,170,0.909091,0.878788,0.000000,1,0.000000,0.000000
4,0.041667,food,food,171,0.643880,0.348582,0.000000,0,0.000000,0.000000
4,0.041667,food,food,172,0.646465,0.090909,0.000000,1,0.000000,0.000000
4,0.041667,food,food,173,0.010101,0.707071,0.000000,1,0.000000,0.000000
4,0.041667,food,food,174,0.383838,0.313131,0.000000,1,0.000000,0.000000
4,0.041667,food,food,175,0.757576,0.929293,0.000000,1,0.000000,0.000000
4,0.041667,food,food,176,0.121212,0.535354,0.000000,1,0.000000,0.000000
4,0.041667,food,food,177,0.494949,0.141414,0.000000,1,0.000000,0.000000
4,0.041667,food,food,178,0.868687,0.757576,0.000000,1,0.000000,0.000000
4,0.041667,food,food,179,0.232323,0.363636,0.000000,1,0.000000,0.000000
4,0.041667,food,food,180,0.606061,0.979798,0.000000,1,0.000000,0.000000
4,0.041667,food,food,181,0.979798,0.585859,0.000000,1,0.000000,0.000000
4,0.041667,food,food,182,0.343434,0.191919,0.000000,1,0.000000,0.000000
4,0.041667,food,food,183,0.717172,0.808081,0.000000,1,0.000000,0.000000
4,0.041667,food,food,184,0.080808,0.414141,0.000000,1,0.000000,0.000000
4,0.041667,food,food,185,0.454545,0.020202,0.000000,1,0.000000,0.000000
4,0.041667,food,food,186,0.828283,0.636364,0.000000,1,0.000000,0.000000
4,0.041667,food,food,187,0.191919,0.242424,0.000000,1,0.000000,0.000000
4,0.041667,food,food,188,0.565657,0.858586,0.000000,1,0.000000,0.000000
4,0.041667,food,food,189,0.939394,0.464646,0.000000,1,0.000000,0.000000
4,0.041667,food,food,190,0.303030,0.070707,0.000000,1,0.000000,0.000000
4,0.041667,food,food,191,0.676768,0.686869,0.000000,1,0.000000,0.000000
4,0.041667,food,food,192,0.040404,0.292929,0.000000,1,0.000000,0.000000
4,0.041667,food,food,193,0.414141,0.909091,0.000000,1,0.000000,0.000000
4,0.041667,food,food,194,0.787879,0.515152,0.000000,1,0.000000,0.000000
4,0.041667,food,food,195,0.151515,0.121212,0.000000,1,0.000000,0.000000
4,0.041667,food,food,196,0.525253,0.737374,0.000000,1,0.000000,0.000000
4,0.041667,food,food,197,0.898990,0.343434,0.000000,1,0.000000,0.000000
4,0.041667,food,food,198,0.262626,0.959596,0.000000,1,0.000000,0.000000
4,0.041667,food,food,199,0.636364,0.565657,0.000000,0,0.000000,0.000000
4,0.041667,food,food,200,0.000000,0.171717,0.000000,1,0.000000,0.000000
4,0.041667,food,food,201,0.373737,0.787879,0.000000,1,0.000000,0.000000
4,0.041667,food,food,202,0.747475,0.393939,0.000000,1,0.000000,0.000000
4,0.041667,food,food,203,0.111111,0.000000,0.000000,1,0.000000,0.000000
4,0.041667,food,food,204,0.775506,0.998749,0.000000,1,0.000000,0.000000
4,0.041667,food,food,205,0.858586,0.222222,0.000000,1,0.000000,0.000000
4,0.041667,food,food,206,0.222222,0.838384,0.000000,1,0.000000,0.000000
4,0.041667,food,food,207,0.154088,0.807611,0.000000,1,0.000000,0.000000
4,0.041667,food,food,208,0.969697,0.050505,0.000000,1,0.000000,0.000000
4,0.041667,food,food,209,0.333333,0.666667,0.000000,0,0.000000,0.000000
4,0.041667,food,food,210,0.707071,0.272727,0.000000,1,0.000000,0.000000
4,0.041667,food,food,211,0.070707,0.888889,0.000000,1,0.000000,0.000000
4,0.041667,food,food,212,0.802728,0.507645,0.000000,1,0.000000,0.000000
4,0.041667,food,food,213,0.818182,0.101010,0.000000,1,0.000000,0.000000
4,0.041667,food,food,214,0.181818,0.717172,0.000000,1,0.000000,0.000000
4,0.041667,food,food,215,0.289804,0.688162,0.000000,1,0.000000,0.000000
4,0.041667,food,food,216,0.929293,0.939394,0.000000,1,0.000000,0.000000
4,0.041667,food,food,217,0.657521,0.337992,0.000000,0,0.000000,0.000000
4,0.041667,food,food,218,0.666667,0.151515,0.000000,1,0.000000,0.000000
4,0.041667,food,food,219,0.030303,0.767677,0.000000,1,0.000000,0.000000
4,0.041667,food,food,220,0.647633,0.978423,0.000000,1,0.000000,0.000000
4,0.041667,food,food,221,0.777778,0.989899,0.000000,1,0.000000,0.000000
4,0.041667,food,food,222,0.141414,0.595960,0.000000,1,0.000000,0.000000
4,0.041667,food,food,223,0.515152,0.202020,0.000000,1,0.000000,0.000000
4,0.041667,food,food,224,0.888889,0.818182,0.000000,1,0.000000,0.000000
4,0.041667,food,food,225,0.712363,0.548235,0.000000,1,0.000000,0.000000
4,0.041667,food,food,226,0.626263,0.030303,0.000000,1,0.000000,0.000000
4,0.041667,food,food,227,1.000000,0.646465,0.000000,1,0.000000,0.000000
4,0.041667,food,food,228,0.363636,0.252525,0.000000,1,0.000000,0.000000
4,0.041667,food,food,229,0.737374,0.868687,0.000000,1,0.000000,0.000000
4,0.041667,food,food,230,0.101010,0.474747,0.000000,1,0.000000,0.000000
4,0.041667,food,food,231,0.474747,0.080808,0.000000,1,0.000000,0.000000
4,0.041667,food,food,232,0.848485,0.696970,0.000000,1,0.000000,0.000000
4,0.041667,food,food,233,0.212121,0.303030,0.000000,1,0.000000,0.000000
4,0.041667,food,food,234,0.585859,0.919192,0.000000,1,0.000000,0.000000
4,0.041667,food,food,235,0.959596,0.525253,0.000000,1,0.000000,0.000000
4,0.041667,food,food,236,0.323232,0.131313,0.000000,1,0.000000,0.000000
4,0.041667,food,food,237,0.696970,0.747475,0.000000,1,0.000000,0.000000
4,0.041667,food,food,238,0.060606,0.353535,0.000000,1,0.000000,0.000000
4,0.041667,food,food,239,0.434343,0.969697,0.000000,1,0.000000,0.000000
4,0.041667,food,food,240,0.808081,0.575758,0.000000,1,0.000000,0.000000
4,0.041667,food,food,241,0.171717,0.181818,0.000000,1,0.000000,0.000000
4,0.041667,food,food,242,0.545455,0.797980,0.000000,1,0.000000,0.000000
4,0.041667,food,food,243,0.919192,0.404040,0.000000,1,0.000000,0.000000
4,0.041667,food,food,244,0.282828,0.010101,0.000000,1,0.000000,0.000000
4,0.041667,food,food,245,0.656566,0.626263,0.000000,0,0.000000,0.000000
4,0.041667,food,food,246,0.020202,0.232323,0.000000,1,0.000000,0.000000
4,0.041667,food,food,247,0.393939,0.848485,0.000000,1,0.000000,0.000000
4,0.041667,food,food,248,0.767677,0.454545,0.000000,1,0.000000,0.000000
4,0.041667,food,food,249,0.131313,0.060606,0.000000,1,0.000000,0.000000
4,0.041667,food,food,250,0.952055,0.492630,0.000000,1,0.000000,0.000000
4,0.041667,food,food,251,0.878788,0.282828,0.000000,1,0.000000,0.000000
4,0.041667,food,food,252,0.242424,0.898990,0.000000,1,0.000000,0.000000
4,0.041667,food,food,253,0.863338,0.426801,0.000000,1,0.000000,0.000000
4,0.041667,food,food,254,0.989899,0.111111,0.000000,1,0.000000,0.000000
4,0.041667,food,food,255,0.353535,0.727273,0.000000,1,0.000000,0.000000
4,0.041667,food,food,256,0.727273,0.333333,0.000000,1,0.000000,0.000000
4,0.041667,food,food,257,0.090909,0.949495,0.000000,1,0.000000,0.000000
4,0.041667,food,food,258,0.464646,0.555556,0.000000,0,0.000000,0.000000
4,0.041667,food,food,259,0.838384,0.161616,0.000000,1,0.000000,0.000000
4,0.041667,cover,cover,0,0.131313,0.262929,0.000000,1,0.000000,0.350000
4,0.041667,cover,cover,1,0.565657,0.000000,0.000000,1,0.000000,0.777778
4,0.041667,cover,cover,2,1.000000,0.717172,0.000000,1,0.000000,0.594444
4,0.041667,cover,cover,3,0.424242,0.439242,0.000000,1,0.000000,0.411111
4,0.041667,cover,cover,4,0.858586,0.161313,0.000000,1,0.000000,0.838889
4,0.041667,cover,cover,5,0.282828,0.818485,0.000000,1,0.000000,0.655556
4,0.041667,cover,cover,6,0.717172,0.540556,0.000000,1,0.000000,0.472222
4,0.041667,cover,cover,7,0.141414,0.262626,0.000000,1,0.000000,0.900000
4,0.041667,cover,cover,8,0.575758,0.994798,0.000000,1,0.000000,0.716667
4,0.041667,cover,cover,9,0.000000,0.716869,0.000000,1,0.000000,0.533333
4,0.041667,cover,cover,10,0.434343,0.363939,0.000000,1,0.000000,0.350000
4,0.041667,cover,cover,11,0.868687,0.086010,0.000000,1,0.000000,0.777778
4,0.041667,cover,cover,12,0.292929,0.818182,0.000000,1,0.000000,0.594444
4,0.041667,cover,cover,13,0.727273,0.540253,0.000000,1,0.000000,0.411111
4,0.041667,cover,cover,14,0.151515,0.262323,0.000000,1,0.000000,0.838889
4,0.041667,cover,cover,15,0.585859,0.919495,0.000000,1,0.000000,0.655556
4,0.041667,cover,cover,16,0.010101,0.641566,0.000000,1,0.000000,0.472222
4,0.041667,cover,cover,17,0.444444,0.363636,0.000000,1,0.000000,0.900000
4,0.041667,cover,cover,18,0.878788,0.085707,0.000000,1,0.000000,0.716667
4,0.041667,cover,cover,19,0.303030,0.817879,0.000000,1,0.000000,0.533333
4,0.041667,cover,cover,20,0.737374,0.464949,0.000000,1,0.000000,0.350000
4,0.041667,cover,cover,21,0.161616,0.187020,0.000000,1,0.000000,0.777778
4,0.041667,cover,cover,22,0.595960,0.919192,0.000000,1,0.000000,0.594444
4,0.041667,cover,cover,23,0.020202,0.641263,0.000000,1,0.000000,0.411111
4,0.041667,cover,cover,24,0.454545,0.363333,0.000000,1,0.000000,0.838889
4,0.041667,cover,cover,25,0.888889,0.010404,0.000000,1,0.000000,0.655556
4,0.041667,cover,cover,26,0.313131,0.742576,0.000000,1,0.000000,0.472222
4,0.041667,cover,cover,27,0.747475,0.464646,0.000000,1,0.000000,0.900000
4,0.041667,cover,cover,28,0.171717,0.186717,0.000000,1,0.000000,0.716667
4,0.041667,cover,cover,29,0.606061,0.918889,0.000000,1,0.000000,0.533333
4,0.041667,cover,cover,30,0.030303,0.565960,0.000000,1,0.000000,0.350000
4,0.041667,cover,cover,31,0.464646,0.288030,0.000000,1,0.000000,0.777778
4,0.041667,cover,cover,32,0.898990,0.010101,0.000000,1,0.000000,0.594444
4,0.041667,cover,cover,33,0.323232,0.742273,0.000000,1,0.000000,0.411111
4,0.041667,cover,cover,34,0.757576,0.464343,0.000000,1,0.000000,0.838889
4,0.041667,cover,cover,35,0.181818,0.111414,0.000000,1,0.000000,0.655556
4,0.041667,cover,cover,36,0.616162,0.843586,0.000000,1,0.000000,0.472222
4,0.041667,cover,cover,37,0.040404,0.565657,0.000000,1,0.000000,0.900000
4,0.041667,cover,cover,38,0.474747,0.287727,0.000000,1,0.000000,0.716667
4,0.041667,cover,cover,39,0.909091,1.000000,0.000000,1,0.000000,0.533333
4,0.041667,cover,cover,40,0.333333,0.666970,0.000000,1,0.000000,0.350000
4,0.041667,cover,cover,41,0.767677,0.389040,0.000000,1,0.000000,0.777778
4,0.041667,cover,cover,42,0.191919,0.111111,0.000000,1,0.000000,0.594444
4,0.041667,cover,cover,43,0.626263,0.843283,0.000000,1,0.000000,0.411111
4,0.041667,cover,cover,44,0.050505,0.565354,0.000000,1,0.000000,0.838889
4,0.041667,cover,cover,45,0.484848,0.212424,0.000000,1,0.000000,0.655556
4,0.041667,cover,cover,46,0.919192,0.944596,0.000000,1,0.000000,0.472222
4,0.041667,cover,cover,47,0.343434,0.666667,0.000000,1,0.000000,0.900000
4,0.041667,cover,cover,48,0.777778,0.388737,0.000000,1,0.000000,0.716667
4,0.041667,cover,cover,49,0.202020,0.110808,0.000000,1,0.000000,0.533333
4,0.041667,cover,cover,50,0.636364,0.767980,0.000000,1,0.000000,0.350000
4,0.041667,cover,cover,51,0.060606,0.490050,0.000000,1,0.000000,0.777778
4,0.041667,cover,cover,52,0.494949,0.212121,0.000000,1,0.000000,0.594444
4,0.041667,cover,cover,53,0.929293,0.944293,0.000000,1,0.000000,0.411111
4,0.041667,cover,cover,54,0.353535,0.666364,0.000000,1,0.000000,0.838889
4,0.041667,cover,cover,55,0.787879,0.313434,0.000000,1,0.000000,0.655556
4,0.041667,cover,cover,56,0.212121,0.035505,0.000000,1,0.000000,0.472222
4,0.041667,cover,cover,57,0.646465,0.767677,0.000000,1,0.000000,0.900000
4,0.041667,cover,cover,58,0.070707,0.489747,0.000000,1,0.000000,0.716667
4,0.041667,cover,cover,59,0.505050,0.211818,0.000000,1,0.000000,0.533333
4,0.041667,cover,cover,60,0.939394,0.868990,0.000000,1,0.000000,0.350000
4,0.041667,cover,cover,61,0.363636,0.591061,0.000000,1,0.000000,0.777778
4,0.041667,cover,cover,62,0.797980,0.313131,0.000000,1,0.000000,0.594444
4,0.041667,cover,cover,63,0.222222,0.035202,0.000000,1,0.000000,0.411111
4,0.041667,cover,cover,64,0.656566,0.767374,0.000000,1,0.000000,0.838889
4,0.041667,cover,cover,65,0.080808,0.414444,0.000000,1,0.000000,0.655556
4,0.041667,cover,cover,66,0.515152,0.136515,0.000000,1,0.000000,0.472222
4,0.041667,cover,cover,67,0.949495,0.868687,0.000000,1,0.000000,0.900000
4,0.041667,cover,cover,68,0.373737,0.590758,0.000000,1,0.000000,0.716667
4,0.041667,cover,cover,69,0.808081,0.312828,0.000000,1,0.000000,0.533333
4,0.041667,cover,cover,70,0.232323,0.970000,0.000000,1,0.000000,0.350000
4,0.041667,cover,cover,71,0.666667,0.692071,0.000000,1,0.000000,0.777778
4,0.041667,cover,cover,72,0.090909,0.414141,0.000000,1,0.000000,0.594444
4,0.041667,cover,cover,73,0.525253,0.136212,0.000000,1,0.000000,0.411111
4,0.041667,cover,cover,74,0.959596,0.868384,0.000000,1,0.000000,0.838889
4,0.041667,cover,cover,75,0.383838,0.515455,0.000000,1,0.000000,0.655556
4,0.041667,cover,cover,76,0.818182,0.237525,0.000000,1,0.000000,0.472222
4,0.041667,cover,cover,77,0.242424,0.969697,0.000000,1,0.000000,0.900000
4,0.041667,cover,cover,78,0.676768,0.691768,0.000000,1,0.000000,0.716667
4,0.041667,cover,cover,79,0.101010,0.413838,0.000000,1,0.000000,0.533333
4,0.041667,cover,cover,80,0.535354,0.060909,0.000000,1,0.000000,0.350000
4,0.041667,cover,cover,81,0.969697,0.793081,0.000000,1,0.000000,0.777778
4,0.041667,cover,cover,82,0.393939,0.515152,0.000000,1,0.000000,0.594444
4,0.041667,cover,cover,83,0.828283,0.237222,0.000000,1,0.000000,0.411111
4,0.041667,cover,cover,84,0.252525,0.969394,0.000000,1,0.000000,0.838889
4,0.041667,cover,cover,85,0.686869,0.616465,0.000000,1,0.000000,0.655556
4,0.041667,cover,cover,86,0.111111,0.338535,0.000000,1,0.000000,0.472222
4,0.041667,cover,cover,87,0.545455,0.060606,0.000000,1,0.000000,0.900000
4,0.041667,cover,cover,88,0.979798,0.792778,0.000000,1,0.000000,0.716667
4,0.041667,cover,cover,89,0.404040,0.514848,0.000000,1,0.000000,0.533333
4,0.041667,cover,cover,90,0.838384,0.161919,0.000000,1,0.000000,0.350000
4,0.041667,cover,cover,91,0.262626,0.894091,0.000000,1,0.000000,0.777778
4,0.041667,cover,cover,92,0.696970,0.616162,0.000000,1,0.000000,0.594444
4,0.041667,cover,cover,93,0.121212,0.338232,0.000000,1,0.000000,0.411111
4,0.041667,cover,cover,94,0.555556,0.060303,0.000000,1,0.000000,0.838889
4,0.041667,cover,cover,95,0.989899,0.717475,0.000000,1,0.000000,0.655556
4,0.041667,cover,cover,96,0.414141,0.439545,0.000000,1,0.000000,0.472222
4,0.041667,cover,cover,97,0.848485,0.161616,0.000000,1,0.000000,0.900000
4,0.041667,cover,cover,98,0.272727,0.893788,0.000000,1,0.000000,0.716667
4,0.041667,cover,cover,99,0.707071,0.615859,0.000000,1,0.000000,0.533333
5,0.052083,agent,bluegill,0,0.683846,0.540875,1.176500,1,0.300000,0.000000
5,0.052083,agent,bluegill,1,0.686413,0.563999,1.176500,1,0.300000,0.000000
5,0.052083,agent,bluegill,2,0.675619,0.562952,0.996500,1,0.300000,0.000000
5,0.052083,agent,bluegill,3,0.672993,0.675357,1.716500,1,0.314253,0.000000
5,0.052083,agent,bluegill,4,0.668926,0.672542,0.996500,1,0.300000,0.000000
5,0.052083,agent,bluegill,5,0.672748,0.673326,0.996500,1,0.300000,0.000000
5,0.052083,agent,bluegill,6,0.511384,0.719178,1.536500,1,0.305274,0.000000
5,0.052083,agent,bluegill,7,0.516455,0.719732,1.176500,1,0.300000,0.000000
5,0.052083,agent,bluegill,8,0.521137,0.724348,0.996500,1,0.300000,0.000000
5,0.052083,agent,bluegill,9,0.524252,0.727786,0.996500,1,0.300000,0.000000
5,0.052083,agent,bluegill,10,0.292083,0.686186,1.536500,1,0.304406,0.000000
5,0.052083,agent,bluegill,11,0.316625,0.674263,1.176500,1,0.300000,0.000000
5,0.052083,agent,bluegill,12,0.261318,0.613543,1.356500,1,0.303453,0.000000
5,0.052083,agent,bluegill,13,0.309411,0.673942,0.996500,1,0.300000,0.000000
5,0.052083,agent,bluegill,14,0.270518,0.584270,1.536500,1,0.311553,0.000000
5,0.052083,agent,bluegill,15,0.248992,0.413481,1.716500,1,0.311553,0.000000
5,0.052083,agent,bluegill,16,0.247961,0.413834,0.996500,1,0.300000,0.000000
5,0.052083,agent,bluegill,17,0.260597,0.424490,1.176500,1,0.300000,0.000000
5,0.052083,agent,bluegill,18,0.393475,0.325815,1.536500,1,0.305274,0.000000
5,0.052083,agent,bluegill,19,0.388018,0.326003,1.176500,1,0.300000,0.000000
5,0.052083,agent,bluegill,20,0.387203,0.321925,0.996500,1,0.300000,0.000000
5,0.052083,agent,bluegill,21,0.387051,0.335142,0.996500,1,0.300000,0.000000
5,0.052083,agent,bluegill,22,0.539926,0.275956,1.536500,1,0.305274,0.000000
5,0.052083,agent,bluegill,23,0.536811,0.272998,1.176500,1,0.300000,0.000000
5,0.052083,agent,bluegill,24,0.533508,0.258820,1.176500,1,0.300000,0.000000
5,0.052083,agent,bluegill,25,0.546786,0.286175,0.996500,1,0.300000,0.000000
5,0.052083,agent,bluegill,26,0.689044,0.340356,1.356500,1,0.302574,0.000000
5,0.052083,agent,bluegill,27,0.697595,0.339288,1.176500,1,0.300000,0.000000
5,0.052083,agent,bluegill,28,0.674693,0.407185,1.176500,1,0.300000,0.000000
5,0.052083,agent,bluegill,29,0.684981,0.536245,0.996500,1,0.300000,0.000000
5,0.052083,agent,minnow,30,0.679236,0.534683,1.227250,1,0.075000,0.000000
5,0.052083,agent,minnow,31,0.674719,0.537673,1.047250,1,0.075000,0.000000
5,0.052083,agent,minnow,32,0.685739,0.563489,1.227250,1,0.075000,0.000000
5,0.052083,agent,minnow,33,0.682575,0.564212,1.047250,1,0.075000,0.000000
5,0.052083,agent,minnow,34,0.646839,0.558912,1.227250,1,0.075000,0.000000
5,0.052083,agent,minnow,35,0.643606,0.560261,1.047250,1,0.075000,0.000000
5,0.052083,agent,minnow,36,0.480130,0.618250,1.407250,1,0.079851,0.000000
5,0.052083,agent,minnow,37,0.472917,0.621722,1.047250,1,0.075000,0.000000
5,0.052083,agent,minnow,38,0.494634,0.611465,1.227250,1,0.075000,0.000000
5,0.052083,agent,minnow,39,0.487193,0.613995,1.047250,1,0.075000,0.000000
5,0.052083,agent,minnow,40,0.481760,0.618175,1.047250,1,0.075000,0.000000
5,0.052083,agent,minnow,41,0.482209,0.624024,1.047250,1,0.075000,0.000000
5,0.052083,agent,minnow,42,0.484206,0.621058,1.047250,1,0.075000,0.000000
5,0.052083,agent,minnow,43,0.479469,0.612810,1.047250,1,0.075000,0.000000
5,0.052083,agent,minnow,44,0.446028,0.517706,1.767250,1,0.094985,0.000000
5,0.052083,agent,minnow,45,0.444316,0.515223,1.047250,1,0.075000,0.000000
5,0.052083,agent,minnow,46,0.442309,0.513180,1.047250,1,0.075000,0.000000
5,0.052083,agent,minnow,47,0.439871,0.510041,1.047250,1,0.075000,0.000000
5,0.052083,agent,minnow,48,0.437766,0.505338,1.047250,1,0.075000,0.000000
5,0.052083,agent,minnow,49,0.457861,0.519114,1.047250,1,0.075000,0.000000
5,0.052083,agent,minnow,50,0.443347,0.478765,1.407250,1,0.079851,0.000000
5,0.052083,agent,minnow,51,0.439086,0.499067,1.227250,1,0.075000,0.000000
5,0.052083,agent,minnow,52,0.436630,0.495922,1.047250,1,0.075000,0.000000
5,0.052083,agent,minnow,53,0.435018,0.491959,1.047250,1,0.075000,0.000000
5,0.052083,agent,minnow,54,0.433789,0.487411,1.047250,1,0.075000,0.000000
5,0.052083,agent,minnow,55,0.422206,0.401850,1.587250,1,0.084185,0.000000
5,0.052083,agent,minnow,56,0.420938,0.396156,1.047250,1,0.075000,0.000000
5,0.052083,agent,minnow,57,0.431779,0.468255,1.047250,1,0.075000,0.000000
5,0.052083,agent,minnow,58,0.432352,0.460505,1.047250,1,0.075000,0.000000
5,0.052083,agent,minnow,59,0.423418,0.403725,1.047250,1,0.075000,0.000000
5,0.052083,agent,minnow,60,0.423516,0.400747,1.047250,1,0.075000,0.000000
5,0.052083,agent,minnow,61,0.430350,0.464664,1.047250,1,0.075000,0.000000
5,0.052083,agent,minnow,62,0.432001,0.459572,1.047250,1,0.075000,0.000000
5,0.052083,agent,minnow,63,0.424405,0.405466,1.047250,1,0.075000,0.000000
5,0.052083,agent,minnow,64,0.398781,0.341362,1.047250,1,0.075000,0.000000
5,0.052083,agent,minnow,65,0.536088,0.300016,1.047250,1,0.075000,0.000000
5,0.052083,agent,minnow,66,0.538927,0.297317,1.047250,1,0.075000,0.000000
5,0.052083,agent,minnow,67,0.550488,0.338637,1.047250,1,0.075000,0.000000
5,0.052083,agent,minnow,68,0.586268,0.360525,1.227250,1,0.075000,0.000000
5,0.052083,agent,minnow,69,0.589746,0.362128,1.047250,1,0.075000,0.000000
5,0.052083,agent,minnow,70,0.591972,0.364379,1.047250,1,0.075000,0.000000
5,0.052083,agent,minnow,71,0.648484,0.418160,1.407250,1,0.081485,0.000000
5,0.052083,agent,minnow,72,0.589424,0.378517,1.047250,1,0.075000,0.000000
5,0.052083,agent,minnow,73,0.594694,0.387303,1.047250,1,0.075000,0.000000
5,0.052083,agent,minnow,74,0.632329,0.420643,1.047250,1,0.075000,0.000000
5,0.052083,agent,minnow,75,0.626375,0.475828,1.047250,1,0.075000,0.000000
5,0.052083,agent,minnow,76,0.658413,0.521826,1.227250,1,0.075000,0.000000
5,0.052083,agent,minnow,77,0.664381,0.527672,1.047250,1,0.075000,0.000000
5,0.052083,agent,minnow,78,0.666681,0.527347,1.047250,1,0.075000,0.000000
5,0.052083,agent,minnow,79,0.662707,0.524893,1.047250,1,0.075000,0.000000
5,0.052083,agent,bass,80,0.697193,0.512106,1.212500,1,1.260000,0.000000
5,0.052083,food,food,0,0.000000,0.171717,0.000000,1,0.000000,0.000000
5,0.052083,food,food,1,0.373737,0.787879,0.000000,1,0.000000,0.000000
5,0.052083,food,food,2,0.747475,0.393939,0.000000,1,0.000000,0.000000
5,0.052083,food,food,3,0.111111,0.000000,0.000000,1,0.000000,0.000000
5,0.052083,food,food,4,0.827326,0.128574,0.000000,1,0.000000,0.000000
5,0.052083,food,food,5,0.858586,0.222222,0.000000,1,0.000000,0.000000
5,0.052083,food,food,6,0.222222,0.838384,0.000000,1,0.000000,0.000000
5,0.052083,food,food,7,0.595960,0.444444,0.000000,0,0.000000,0.000000
5,0.052083,food,food,8,0.969697,0.050505,0.000000,1,0.000000,0.000000
5,0.052083,food,food,9,0.745537,0.798761,0.000000,1,0.000000,0.000000
5,0.052083,food,food,10,0.707071,0.272727,0.000000,1,0.000000,0.000000
5,0.052083,food,food,11,0.070707,0.888889,0.000000,1,0.000000,0.000000
5,0.052083,food,food,12,0.629475,0.204627,0.000000,1,0.000000,0.000000
5,0.052083,food,food,13,0.818182,0.101010,0.000000,1,0.000000,0.000000
5,0.052083,food,food,14,0.181818,0.717172,0.000000,1,0.000000,0.000000
5,0.052083,food,food,15,0.918393,0.591296,0.000000,1,0.000000,0.000000
5,0.052083,food,food,16,0.929293,0.939394,0.000000,1,0.000000,0.000000
5,0.052083,food,food,17,0.650594,0.643330,0.000000,1,0.000000,0.000000
5,0.052083,food,food,18,0.666667,0.151515,0.000000,1,0.000000,0.000000
5,0.052083,food,food,19,0.030303,0.767677,0.000000,1,0.000000,0.000000
5,0.052083,food,food,20,0.404040,0.373737,0.000000,0,0.000000,0.000000
5,0.052083,food,food,21,0.777778,0.989899,0.000000,1,0.000000,0.000000
5,0.052083,food,food,22,0.141414,0.595960,0.000000,1,0.000000,0.000000
5,0.052083,food,food,23,0.515152,0.202020,0.000000,1,0.000000,0.000000
5,0.052083,food,food,24,0.888889,0.818182,0.000000,1,0.000000,0.000000
5,0.052083,food,food,25,0.252525,0.424242,0.000000,0,0.000000,0.000000
5,0.052083,food,food,26,0.626263,0.030303,0.000000,1,0.000000,0.000000
5,0.052083,food,food,27,1.000000,0.646465,0.000000,1,0.000000,0.000000
5,0.052083,food,food,28,0.363636,0.252525,0.000000,1,0.000000,0.000000
5,0.052083,food,food,29,0.737374,0.868687,0.000000,1,0.000000,0.000000
5,0.052083,food,food,30,0.101010,0.474747,0.000000,1,0.000000,0.000000
5,0.052083,food,food,31,0.474747,0.080808,0.000000,1,0.000000,0.000000
5,0.052083,food,food,32,0.848485,0.696970,0.000000,1,0.000000,0.000000
5,0.052083,food,food,33,0.212121,0.303030,0.000000,1,0.000000,0.000000
5,0.052083,food,food,34,0.585859,0.919192,0.000000,1,0.000000,0.000000
5,0.052083,food,food,35,0.959596,0.525253,0.000000,1,0.000000,0.000000
5,0.052083,food,food,36,0.323232,0.131313,0.000000,1,0.000000,0.000000
5,0.052083,food,food,37,0.696970,0.747475,0.000000,1,0.000000,0.000000
5,0.052083,food,food,38,0.060606,0.353535,0.000000,1,0.000000,0.000000
5,0.052083,food,food,39,0.434343,0.969697,0.000000,1,0.000000,0.000000
5,0.052083,food,food,40,0.808081,0.575758,0.000000,1,0.000000,0.000000
5,0.052083,food,food,41,0.171717,0.181818,0.000000,1,0.000000,0.000000
5,0.052083,food,food,42,0.545455,0.797980,0.000000,1,0.000000,0.000000
5,0.052083,food,food,43,0.919192,0.404040,0.000000,1,0.000000,0.000000
5,0.052083,food,food,44,0.282828,0.010101,0.000000,1,0.000000,0.000000
5,0.052083,food,food,45,0.656566,0.626263,0.000000,0,0.000000,0.000000
5,0.052083,food,food,46,0.020202,0.232323,0.000000,1,0.000000,0.000000
5,0.052083,food,food,47,0.393939,0.848485,0.000000,1,0.000000,0.000000
5,0.052083,food,food,48,0.767677,0.454545,0.000000,1,0.000000,0.000000
5,0.052083,food,food,49,0.131313,0.060606,0.000000,1,0.000000,0.000000
5,0.052083,food,food,50,0.505050,0.676768,0.000000,0,0.000000,0.000000
5,0.052083,food,food,51,0.878788,0.282828,0.000000,1,0.000000,0.000000
5,0.052083,food,food,52,0.242424,0.898990,0.000000,1,0.000000,0.000000
5,0.052083,food,food,53,0.251961,0.182928,0.000000,1,0.000000,0.000000
5,0.052083,food,food,54,0.989899,0.111111,0.000000,1,0.000000,0.000000
5,0.052083,food,food,55,0.353535,0.727273,0.000000,1,0.000000,0.000000
5,0.052083,food,food,56,0.727273,0.333333,0.000000,1,0.000000,0.000000
5,0.052083,food,food,57,0.090909,0.949495,0.000000,1,0.000000,0.000000
5,0.052083,food,food,58,0.464646,0.555556,0.000000,0,0.000000,0.000000
5,0.052083,food,food,59,0.838384,0.161616,0.000000,1,0.000000,0.000000
5,0.052083,food,food,60,0.202020,0.777778,0.000000,1,0.000000,0.000000
5,0.052083,food,food,61,0.904660,0.112186,0.000000,1,0.000000,0.000000
5,0.052083,food,food,62,0.949495,1.000000,0.000000,1,0.000000,0.000000
5,0.052083,food,food,63,0.850551,0.864223,0.000000,1,0.000000,0.000000
5,0.052083,food,food,64,0.686869,0.212121,0.000000,1,0.000000,0.000000
5,0.052083,food,food,65,0.050505,0.828283,0.000000,1,0.000000,0.000000
5,0.052083,food,food,66,0.644917,0.864376,0.000000,1,0.000000,0.000000
5,0.052083,food,food,67,0.797980,0.040404,0.000000,1,0.000000,0.000000
5,0.052083,food,food,68,0.161616,0.656566,0.000000,1,0.000000,0.000000
5,0.052083,food,food,69,0.108676,0.454787,0.000000,1,0.000000,0.000000
5,0.052083,food,food,70,0.909091,0.878788,0.000000,1,0.000000,0.000000
5,0.052083,food,food,71,0.272727,0.484848,0.000000,0,0.000000,0.000000
5,0.052083,food,food,72,0.646465,0.090909,0.000000,1,0.000000,0.000000
5,0.052083,food,food,73,0.010101,0.707071,0.000000,1,0.000000,0.000000
5,0.052083,food,food,74,0.383838,0.313131,0.000000,1,0.000000,0.000000
5,0.052083,food,food,75,0.757576,0.929293,0.000000,1,0.000000,0.000000
5,0.052083,food,food,76,0.121212,0.535354,0.000000,1,0.000000,0.000000
5,0.052083,food,food,77,0.494949,0.141414,0.000000,1,0.000000,0.000000
5,0.052083,food,food,78,0.868687,0.757576,0.000000,1,0.000000,0.000000
5,0.052083,food,food,79,0.232323,0.363636,0.000000,1,0.000000,0.000000
5,0.052083,food,food,80,0.606061,0.979798,0.000000,1,0.000000,0.000000
5,0.052083,food,food,81,0.979798,0.585859,0.000000,1,0.000000,0.000000
5,0.052083,food,food,82,0.343434,0.191919,0.000000,1,0.000000,0.000000
5,0.052083,food,food,83,0.717172,0.808081,0.000000,1,0.000000,0.000000
5,0.052083,food,food,84,0.080808,0.414141,0.000000,1,0.000000,0.000000
5,0.052083,food,food,85,0.454545,0.020202,0.000000,1,0.000000,0.000000
5,0.052083,food,food,86,0.828283,0.636364,0.000000,1,0.000000,0.000000
5,0.052083,food,food,87,0.191919,0.242424,0.000000,1,0.000000,0.000000
5,0.052083,food,food,88,0.565657,0.858586,0.000000,1,0.000000,0.000000
5,0.052083,food,food,89,0.939394,0.464646,0.000000,1,0.000000,0.000000
5,0.052083,food,food,90,0.303030,0.070707,0.000000,1,0.000000,0.000000
5,0.052083,food,food,91,0.676768,0.686869,0.000000,1,0.000000,0.000000
5,0.052083,food,food,92,0.040404,0.292929,0.000000,1,0.000000,0.000000
5,0.052083,food,food,93,0.414141,0.909091,0.000000,1,0.000000,0.000000
5,0.052083,food,food,94,0.787879,0.515152,0.000000,1,0.000000,0.000000
5,0.052083,food,food,95,0.151515,0.121212,0.000000,1,0.000000,0.000000
5,0.052083,food,food,96,0.525253,0.737374,0.000000,1,0.000000,0.000000
5,0.052083,food,food,97,0.898990,0.343434,0.000000,1,0.000000,0.000000
5,0.052083,food,food,98,0.262626,0.959596,0.000000,1,0.000000,0.000000
5,0.052083,food,food,99,0.636364,0.565657,0.000000,0,0.000000,0.000000
5,0.052083,food,food,100,0.000000,0.171717,0.000000,1,0.000000,0.000000
5,0.052083,food,food,101,0.373737,0.787879,0.000000,1,0.000000,0.000000
5,0.052083,food,food,102,0.747475,0.393939,0.000000,1,0.000000,0.000000
5,0.052083,food,food,103,0.111111,0.000000,0.000000,1,0.000000,0.000000
5,0.052083,food,food,104,0.484848,0.616162,0.000000,0,0.000000,0.000000
5,0.052083,food,food,105,0.858586,0.222222,0.000000,1,0.000000,0.000000
5,0.052083,food,food,106,0.222222,0.838384,0.000000,1,0.000000,0.000000
5,0.052083,food,food,107,0.556352,0.034516,0.000000,1,0.000000,0.000000
5,0.052083,food,food,108,0.969697,0.050505,0.000000,1,0.000000,0.000000
5,0.052083,food,food,109,0.333333,0.666667,0.000000,0,0.000000,0.000000
5,0.052083,food,food,110,0.707071,0.272727,0.000000,1,0.000000,0.000000
5,0.052083,food,food,111,0.070707,0.888889,0.000000,1,0.000000,0.000000
5,0.052083,food,food,112,0.444444,0.494949,0.000000,0,0.000000,0.000000
5,0.052083,food,food,113,0.818182,0.101010,0.000000,1,0.000000,0.000000
5,0.052083,food,food,114,0.181818,0.717172,0.000000,1,0.000000,0.000000
5,0.052083,food,food,115,0.127750,0.996033,0.000000,1,0.000000,0.000000
5,0.052083,food,food,116,0.929293,0.939394,0.000000,1,0.000000,0.000000
5,0.052083,food,food,117,0.292929,0.545455,0.000000,0,0.000000,0.000000
5,0.052083,food,food,118,0.666667,0.151515,0.000000,1,0.000000,0.000000
5,0.052083,food,food,119,0.030303,0.767677,0.000000,1,0.000000,0.000000
5,0.052083,food,food,120,0.427717,0.823054,0.000000,1,0.000000,0.000000
5,0.052083,food,food,121,0.777778,0.989899,0.000000,1,0.000000,0.000000
5,0.052083,food,food,122,0.141414,0.595960,0.000000,1,0.000000,0.000000
5,0.052083,food,food,123,0.515152,0.202020,0.000000,1,0.000000,0.000000
5,0.052083,food,food,124,0.888889,0.818182,0.000000,1,0.000000,0.000000
5,0.052083,food,food,125,0.116916,0.211280,0.000000,1,0.000000,0.000000
5,0.052083,food,food,126,0.626263,0.030303,0.000000,1,0.000000,0.000000
5,0.052083,food,food,127,1.000000,0.646465,0.000000,1,0.000000,0.000000
5,0.052083,food,food,128,0.363636,0.252525,0.000000,1,0.000000,0.000000
5,0.052083,food,food,129,0.737374,0.868687,0.000000,1,0.000000,0.000000
5,0.052083,food,food,130,0.101010,0.474747,0.000000,1,0.000000,0.000000
5,0.052083,food,food,131,0.474747,0.080808,0.000000,1,0.000000,0.000000
5,0.052083,food,food,132,0.848485,0.696970,0.000000,1,0.000000,0.000000
5,0.052083,food,food,133,0.212121,0.303030,0.000000,1,0.000000,0.000000
5,0.052083,food,food,134,0.585859,0.919192,0.000000,1,0.000000,0.000000
5,0.052083,food,food,135,0.959596,0.525253,0.000000,1,0.000000,0.000000
5,0.052083,food,food,136,0.323232,0.131313,0.000000,1,0.000000,0.000000
5,0.052083,food,food,137,0.696970,0.747475,0.000000,1,0.000000,0.000000
5,0.052083,food,food,138,0.060606,0.353535,0.000000,1,0.000000,0.000000
5,0.052083,food,food,139,0.434343,0.969697,0.000000,1,0.000000,0.000000
5,0.052083,food,food,140,0.808081,0.575758,0.000000,1,0.000000,0.000000
5,0.052083,food,food,141,0.171717,0.181818,0.000000,1,0.000000,0.000000
5,0.052083,food,food,142,0.545455,0.797980,0.000000,1,0.000000,0.000000
5,0.052083,food,food,143,0.919192,0.404040,0.000000,1,0.000000,0.000000
5,0.052083,food,food,144,0.282828,0.010101,0.000000,1,0.000000,0.000000
5,0.052083,food,food,145,0.656566,0.626263,0.000000,0,0.000000,0.000000
5,0.052083,food,food,146,0.020202,0.232323,0.000000,1,0.000000,0.000000
5,0.052083,food,food,147,0.393939,0.848485,0.000000,1,0.000000,0.000000
5,0.052083,food,food,148,0.767677,0.454545,0.000000,1,0.000000,0.000000
5,0.052083,food,food,149,0.131313,0.060606,0.000000,1,0.000000,0.000000
5,0.052083,food,food,150,0.505050,0.676768,0.000000,0,0.000000,0.000000
5,0.052083,food,food,151,0.878788,0.282828,0.000000,1,0.000000,0.000000
5,0.052083,food,food,152,0.242424,0.898990,0.000000,1,0.000000,0.000000
5,0.052083,food,food,153,0.231666,0.638234,0.000000,1,0.000000,0.000000
5,0.052083,food,food,154,0.989899,0.111111,0.000000,1,0.000000,0.000000
5,0.052083,food,food,155,0.353535,0.727273,0.000000,1,0.000000,0.000000
5,0.052083,food,food,156,0.727273,0.333333,0.000000,1,0.000000,0.000000
5,0.052083,food,food,157,0.090909,0.949495,0.000000,1,0.000000,0.000000
5,0.052083,food,food,158,0.464646,0.555556,0.000000,0,0.000000,0.000000
5,0.052083,food,food,159,0.838384,0.161616,0.000000,1,0.000000,0.000000
5,0.052083,food,food,160,0.202020,0.777778,0.000000,1,0.000000,0.000000
5,0.052083,food,food,161,0.281747,0.971038,0.000000,1,0.000000,0.000000
5,0.052083,food,food,162,0.949495,1.000000,0.000000,1,0.000000,0.000000
5,0.052083,food,food,163,0.731559,0.690298,0.000000,1,0.000000,0.000000
5,0.052083,food,food,164,0.686869,0.212121,0.000000,1,0.000000,0.000000
5,0.052083,food,food,165,0.050505,0.828283,0.000000,1,0.000000,0.000000
5,0.052083,food,food,166,0.046968,0.151830,0.000000,1,0.000000,0.000000
5,0.052083,food,food,167,0.797980,0.040404,0.000000,1,0.000000,0.000000
5,0.052083,food,food,168,0.161616,0.656566,0.000000,1,0.000000,0.000000
5,0.052083,food,food,169,0.298502,0.669729,0.000000,1,0.000000,0.000000
5,0.052083,food,food,170,0.909091,0.878788,0.000000,1,0.000000,0.000000
5,0.052083,food,food,171,0.997497,0.378185,0.000000,1,0.000000,0.000000
5,0.052083,food,food,172,0.646465,0.090909,0.000000,1,0.000000,0.000000
5,0.052083,food,food,173,0.010101,0.707071,0.000000,1,0.000000,0.000000
5,0.052083,food,food,174,0.170568,0.204413,0.000000,1,0.000000,0.000000
5,0.052083,food,food,175,0.757576,0.929293,0.000000,1,0.000000,0.000000
5,0.052083,food,food,176,0.121212,0.535354,0.000000,1,0.000000,0.000000
5,0.052083,food,food,177,0.494949,0.141414,0.000000,1,0.000000,0.000000
5,0.052083,food,food,178,0.868687,0.757576,0.000000,1,0.000000,0.000000
5,0.052083,food,food,179,0.232323,0.363636,0.000000,1,0.000000,0.000000
5,0.052083,food,food,180,0.606061,0.979798,0.000000,1,0.000000,0.000000
5,0.052083,food,food,181,0.979798,0.585859,0.000000,1,0.000000,0.000000
5,0.052083,food,food,182,0.343434,0.191919,0.000000,1,0.000000,0.000000
5,0.052083,food,food,183,0.717172,0.808081,0.000000,1,0.000000,0.000000
5,0.052083,food,food,184,0.080808,0.414141,0.000000,1,0.000000,0.000000
5,0.052083,food,food,185,0.454545,0.020202,0.000000,1,0.000000,0.000000
5,0.052083,food,food,186,0.828283,0.636364,0.000000,1,0.000000,0.000000
5,0.052083,food,food,187,0.191919,0.242424,0.000000,1,0.000000,0.000000
5,0.052083,food,food,188,0.565657,0.858586,0.000000,1,0.000000,0.000000
5,0.052083,food,food,189,0.939394,0.464646,0.000000,1,0.000000,0.000000
5,0.052083,food,food,190,0.303030,0.070707,0.000000,1,0.000000,0.000000
5,0.052083,food,food,191,0.676768,0.686869,0.000000,0,0.000000,0.000000
5,0.052083,food,food,192,0.040404,0.292929,0.000000,1,0.000000,0.000000
5,0.052083,food,food,193,0.414141,0.909091,0.000000,1,0.000000,0.000000
5,0.052083,food,food,194,0.787879,0.515152,0.000000,1,0.000000,0.000000
5,0.052083,food,food,195,0.151515,0.121212,0.000000,1,0.000000,0.000000
5,0.052083,food,food,196,0.525253,0.737374,0.000000,0,0.000000,0.000000
5,0.052083,food,food,197,0.898990,0.343434,0.000000,1,0.000000,0.000000
5,0.052083,food,food,198,0.262626,0.959596,0.000000,1,0.000000,0.000000
5,0.052083,food,food,199,0.636364,0.565657,0.000000,0,0.000000,0.000000
5,0.052083,food,food,200,0.000000,0.171717,0.000000,1,0.000000,0.000000
5,0.052083,food,food,201,0.373737,0.787879,0.000000,1,0.000000,0.000000
5,0.052083,food,food,202,0.747475,0.393939,0.000000,1,0.000000,0.000000
5,0.052083,food,food,203,0.111111,0.000000,0.000000,1,0.000000,0.000000
5,0.052083,food,food,204,0.775506,0.998749,0.000000,1,0.000000,0.000000
5,0.052083,food,food,205,0.858586,0.222222,0.000000,1,0.000000,0.000000
5,0.052083,food,food,206,0.222222,0.838384,0.000000,1,0.000000,0.000000
5,0.052083,food,food,207,0.154088,0.807611,0.000000,1,0.000000,0.000000
5,0.052083,food,food,208,0.969697,0.050505,0.000000,1,0.000000,0.000000
5,0.052083,food,food,209,0.190252,0.960143,0.000000,1,0.000000,0.000000
5,0.052083,food,food,210,0.707071,0.272727,0.000000,1,0.000000,0.000000
5,0.052083,food,food,211,0.070707,0.888889,0.000000,1,0.000000,0.000000
5,0.052083,food,food,212,0.802728,0.507645,0.000000,1,0.000000,0.000000
5,0.052083,food,food,213,0.818182,0.101010,0.000000,1,0.000000,0.000000
5,0.052083,food,food,214,0.181818,0.717172,0.000000,1,0.000000,0.000000
5,0.052083,food,food,215,0.120823,0.303995,0.000000,1,0.000000,0.000000
5,0.052083,food,food,216,0.929293,0.939394,0.000000,1,0.000000,0.000000
5,0.052083,food,food,217,0.657521,0.337992,0.000000,0,0.000000,0.000000
5,0.052083,food,food,218,0.666667,0.151515,0.000000,1,0.000000,0.000000
5,0.052083,food,food,219,0.030303,0.767677,0.000000,1,0.000000,0.000000
5,0.052083,food,food,220,0.647633,0.978423,0.000000,1,0.000000,0.000000
5,0.052083,food,food,221,0.777778,0.989899,0.000000,1,0.000000,0.000000
5,0.052083,food,food,222,0.141414,0.595960,0.000000,1,0.000000,0.000000
5,0.052083,food,food,223,0.515152,0.202020,0.000000,1,0.000000,0.000000
5,0.052083,food,food,224,0.888889,0.818182,0.000000,1,0.000000,0.000000
5,0.052083,food,food,225,0.712363,0.548235,0.000000,1,0.000000,0.000000
5,0.052083,food,food,226,0.626263,0.030303,0.000000,1,0.000000,0.000000
5,0.052083,food,food,227,1.000000,0.646465,0.000000,1,0.000000,0.000000
5,0.052083,food,food,228,0.363636,0.252525,0.000000,1,0.000000,0.000000
5,0.052083,food,food,229,0.737374,0.868687,0.000000,1,0.000000,0.000000
5,0.052083,food,food,230,0.101010,0.474747,0.000000,1,0.000000,0.000000
5,0.052083,food,food,231,0.474747,0.080808,0.000000,1,0.000000,0.000000
5,0.052083,food,food,232,0.848485,0.696970,0.000000,1,0.000000,0.000000
5,0.052083,food,food,233,0.212121,0.303030,0.000000,1,0.000000,0.000000
5,0.052083,food,food,234,0.585859,0.919192,0.000000,1,0.000000,0.000000
5,0.052083,food,food,235,0.959596,0.525253,0.000000,1,0.000000,0.000000
5,0.052083,food,food,236,0.323232,0.131313,0.000000,1,0.000000,0.000000
5,0.052083,food,food,237,0.696970,0.747475,0.000000,1,0.000000,0.000000
5,0.052083,food,food,238,0.060606,0.353535,0.000000,1,0.000000,0.000000
5,0.052083,food,food,239,0.434343,0.969697,0.000000,1,0.000000,0.000000
5,0.052083,food,food,240,0.808081,0.575758,0.000000,1,0.000000,0.000000
5,0.052083,food,food,241,0.171717,0.181818,0.000000,1,0.000000,0.000000
5,0.052083,food,food,242,0.545455,0.797980,0.000000,1,0.000000,0.000000
5,0.052083,food,food,243,0.919192,0.404040,0.000000,1,0.000000,0.000000
5,0.052083,food,food,244,0.282828,0.010101,0.000000,1,0.000000,0.000000
5,0.052083,food,food,245,0.761040,0.771172,0.000000,1,0.000000,0.000000
5,0.052083,food,food,246,0.020202,0.232323,0.000000,1,0.000000,0.000000
5,0.052083,food,food,247,0.393939,0.848485,0.000000,1,0.000000,0.000000
5,0.052083,food,food,248,0.767677,0.454545,0.000000,1,0.000000,0.000000
5,0.052083,food,food,249,0.131313,0.060606,0.000000,1,0.000000,0.000000
5,0.052083,food,food,250,0.952055,0.492630,0.000000,1,0.000000,0.000000
5,0.052083,food,food,251,0.878788,0.282828,0.000000,1,0.000000,0.000000
5,0.052083,food,food,252,0.242424,0.898990,0.000000,1,0.000000,0.000000
5,0.052083,food,food,253,0.863338,0.426801,0.000000,1,0.000000,0.000000
5,0.052083,food,food,254,0.989899,0.111111,0.000000,1,0.000000,0.000000
5,0.052083,food,food,255,0.353535,0.727273,0.000000,1,0.000000,0.000000
5,0.052083,food,food,256,0.727273,0.333333,0.000000,1,0.000000,0.000000
5,0.052083,food,food,257,0.090909,0.949495,0.000000,1,0.000000,0.000000
5,0.052083,food,food,258,0.464646,0.555556,0.000000,0,0.000000,0.000000
5,0.052083,food,food,259,0.838384,0.161616,0.000000,1,0.000000,0.000000
5,0.052083,cover,cover,0,0.131313,0.262929,0.000000,1,0.000000,0.350000
5,0.052083,cover,cover,1,0.565657,0.000000,0.000000,1,0.000000,0.777778
5,0.052083,cover,cover,2,1.000000,0.717172,0.000000,1,0.000000,0.594444
5,0.052083,cover,cover,3,0.424242,0.439242,0.000000,1,0.000000,0.411111
5,0.052083,cover,cover,4,0.858586,0.161313,0.000000,1,0.000000,0.838889
5,0.052083,cover,cover,5,0.282828,0.818485,0.000000,1,0.000000,0.655556
5,0.052083,cover,cover,6,0.717172,0.540556,0.000000,1,0.000000,0.472222
5,0.052083,cover,cover,7,0.141414,0.262626,0.000000,1,0.000000,0.900000
5,0.052083,cover,cover,8,0.575758,0.994798,0.000000,1,0.000000,0.716667
5,0.052083,cover,cover,9,0.000000,0.716869,0.000000,1,0.000000,0.533333
5,0.052083,cover,cover,10,0.434343,0.363939,0.000000,1,0.000000,0.350000
5,0.052083,cover,cover,11,0.868687,0.086010,0.000000,1,0.000000,0.777778
5,0.052083,cover,cover,12,0.292929,0.818182,0.000000,1,0.000000,0.594444
5,0.052083,cover,cover,13,0.727273,0.540253,0.000000,1,0.000000,0.411111
5,0.052083,cover,cover,14,0.151515,0.262323,0.000000,1,0.000000,0.838889
5,0.052083,cover,cover,15,0.585859,0.919495,0.000000,1,0.000000,0.655556
5,0.052083,cover,cover,16,0.010101,0.641566,0.000000,1,0.000000,0.472222
5,0.052083,cover,cover,17,0.444444,0.363636,0.000000,1,0.000000,0.900000
5,0.052083,cover,cover,18,0.878788,0.085707,0.000000,1,0.000000,0.716667
5,0.052083,cover,cover,19,0.303030,0.817879,0.000000,1,0.000000,0.533333
5,0.052083,cover,cover,20,0.737374,0.464949,0.000000,1,0.000000,0.350000
5,0.052083,cover,cover,21,0.161616,0.187020,0.000000,1,0.000000,0.777778
5,0.052083,cover,cover,22,0.595960,0.919192,0.000000,1,0.000000,0.594444
5,0.052083,cover,cover,23,0.020202,0.641263,0.000000,1,0.000000,0.411111
5,0.052083,cover,cover,24,0.454545,0.363333,0.000000,1,0.000000,0.838889
5,0.052083,cover,cover,25,0.888889,0.010404,0.000000,1,0.000000,0.655556
5,0.052083,cover,cover,26,0.313131,0.742576,0.000000,1,0.000000,0.472222
5,0.052083,cover,cover,27,0.747475,0.464646,0.000000,1,0.000000,0.900000
5,0.052083,cover,cover,28,0.171717,0.186717,0.000000,1,0.000000,0.716667
5,0.052083,cover,cover,29,0.606061,0.918889,0.000000,1,0.000000,0.533333
5,0.052083,cover,cover,30,0.030303,0.565960,0.000000,1,0.000000,0.350000
5,0.052083,cover,cover,31,0.464646,0.288030,0.000000,1,0.000000,0.777778
5,0.052083,cover,cover,32,0.898990,0.010101,0.000000,1,0.000000,0.594444
5,0.052083,cover,cover,33,0.323232,0.742273,0.000000,1,0.000000,0.411111
5,0.052083,cover,cover,34,0.757576,0.464343,0.000000,1,0.000000,0.838889
5,0.052083,cover,cover,35,0.181818,0.111414,0.000000,1,0.000000,0.655556
5,0.052083,cover,cover,36,0.616162,0.843586,0.000000,1,0.000000,0.472222
5,0.052083,cover,cover,37,0.040404,0.565657,0.000000,1,0.000000,0.900000
5,0.052083,cover,cover,38,0.474747,0.287727,0.000000,1,0.000000,0.716667
5,0.052083,cover,cover,39,0.909091,1.000000,0.000000,1,0.000000,0.533333
5,0.052083,cover,cover,40,0.333333,0.666970,0.000000,1,0.000000,0.350000
5,0.052083,cover,cover,41,0.767677,0.389040,0.000000,1,0.000000,0.777778
5,0.052083,cover,cover,42,0.191919,0.111111,0.000000,1,0.000000,0.594444
5,0.052083,cover,cover,43,0.626263,0.843283,0.000000,1,0.000000,0.411111
5,0.052083,cover,cover,44,0.050505,0.565354,0.000000,1,0.000000,0.838889
5,0.052083,cover,cover,45,0.484848,0.212424,0.000000,1,0.000000,0.655556
5,0.052083,cover,cover,46,0.919192,0.944596,0.000000,1,0.000000,0.472222
5,0.052083,cover,cover,47,0.343434,0.666667,0.000000,1,0.000000,0.900000
5,0.052083,cover,cover,48,0.777778,0.388737,0.000000,1,0.000000,0.716667
5,0.052083,cover,cover,49,0.202020,0.110808,0.000000,1,0.000000,0.533333
5,0.052083,cover,cover,50,0.636364,0.767980,0.000000,1,0.000000,0.350000
5,0.052083,cover,cover,51,0.060606,0.490050,0.000000,1,0.000000,0.777778
5,0.052083,cover,cover,52,0.494949,0.212121,0.000000,1,0.000000,0.594444
5,0.052083,cover,cover,53,0.929293,0.944293,0.000000,1,0.000000,0.411111
5,0.052083,cover,cover,54,0.353535,0.666364,0.000000,1,0.000000,0.838889
5,0.052083,cover,cover,55,0.787879,0.313434,0.000000,1,0.000000,0.655556
5,0.052083,cover,cover,56,0.212121,0.035505,0.000000,1,0.000000,0.472222
5,0.052083,cover,cover,57,0.646465,0.767677,0.000000,1,0.000000,0.900000
5,0.052083,cover,cover,58,0.070707,0.489747,0.000000,1,0.000000,0.716667
5,0.052083,cover,cover,59,0.505050,0.211818,0.000000,1,0.000000,0.533333
5,0.052083,cover,cover,60,0.939394,0.868990,0.000000,1,0.000000,0.350000
5,0.052083,cover,cover,61,0.363636,0.591061,0.000000,1,0.000000,0.777778
5,0.052083,cover,cover,62,0.797980,0.313131,0.000000,1,0.000000,0.594444
5,0.052083,cover,cover,63,0.222222,0.035202,0.000000,1,0.000000,0.411111
5,0.052083,cover,cover,64,0.656566,0.767374,0.000000,1,0.000000,0.838889
5,0.052083,cover,cover,65,0.080808,0.414444,0.000000,1,0.000000,0.655556
5,0.052083,cover,cover,66,0.515152,0.136515,0.000000,1,0.000000,0.472222
5,0.052083,cover,cover,67,0.949495,0.868687,0.000000,1,0.000000,0.900000
5,0.052083,cover,cover,68,0.373737,0.590758,0.000000,1,0.000000,0.716667
5,0.052083,cover,cover,69,0.808081,0.312828,0.000000,1,0.000000,0.533333
5,0.052083,cover,cover,70,0.232323,0.970000,0.000000,1,0.000000,0.350000
5,0.052083,cover,cover,71,0.666667,0.692071,0.000000,1,0.000000,0.777778
5,0.052083,cover,cover,72,0.090909,0.414141,0.000000,1,0.000000,0.594444
5,0.052083,cover,cover,73,0.525253,0.136212,0.000000,1,0.000000,0.411111
5,0.052083,cover,cover,74,0.959596,0.868384,0.000000,1,0.000000,0.838889
5,0.052083,cover,cover,75,0.383838,0.515455,0.000000,1,0.000000,0.655556
5,0.052083,cover,cover,76,0.818182,0.237525,0.000000,1,0.000000,0.472222
5,0.052083,cover,cover,77,0.242424,0.969697,0.000000,1,0.000000,0.900000
5,0.052083,cover,cover,78,0.676768,0.691768,0.000000,1,0.000000,0.716667
5,0.052083,cover,cover,79,0.101010,0.413838,0.000000,1,0.000000,0.533333
5,0.052083,cover,cover,80,0.535354,0.060909,0.000000,1,0.000000,0.350000
5,0.052083,cover,cover,81,0.969697,0.793081,0.000000,1,0.000000,0.777778
5,0.052083,cover,cover,82,0.393939,0.515152,0.000000,1,0.000000,0.594444
5,0.052083,cover,cover,83,0.828283,0.237222,0.000000,1,0.000000,0.411111
5,0.052083,cover,cover,84,0.252525,0.969394,0.000000,1,0.000000,0.838889
5,0.052083,cover,cover,85,0.686869,0.616465,0.000000,1,0.000000,0.655556
5,0.052083,cover,cover,86,0.111111,0.338535,0.000000,1,0.000000,0.472222
5,0.052083,cover,cover,87,0.545455,0.060606,0.000000,1,0.000000,0.900000
5,0.052083,cover,cover,88,0.979798,0.792778,0.000000,1,0.000000,0.716667
5,0.052083,cover,cover,89,0.404040,0.514848,0.000000,1,0.000000,0.533333
5,0.052083,cover,cover,90,0.838384,0.161919,0.000000,1,0.000000,0.350000
5,0.052083,cover,cover,91,0.262626,0.894091,0.000000,1,0.000000,0.777778
5,0.052083,cover,cover,92,0.696970,0.616162,0.000000,1,0.000000,0.594444
5,0.052083,cover,cover,93,0.121212,0.338232,0.000000,1,0.000000,0.411111
5,0.052083,cover,cover,94,0.555556,0.060303,0.000000,1,0.000000,0.838889
5,0.052083,cover,cover,95,0.989899,0.717475,0.000000,1,0.000000,0.655556
5,0.052083,cover,cover,96,0.414141,0.439545,0.000000,1,0.000000,0.472222
5,0.052083,cover,cover,97,0.848485,0.161616,0.000000,1,0.000000,0.900000
5,0.052083,cover,cover,98,0.272727,0.893788,0.000000,1,0.000000,0.716667
5,0.052083,cover,cover,99,0.707071,0.615859,0.000000,1,0.000000,0.533333
6,0.062500,agent,bluegill,0,0.708053,0.547122,1.175800,1,0.300000,0.000000
6,0.062500,agent,bluegill,1,0.707779,0.551019,1.175800,1,0.300000,0.000000
6,0.062500,agent,bluegill,2,0.698827,0.553656,0.995800,1,0.300000,0.000000
6,0.062500,agent,bluegill,3,0.680783,0.699113,1.895800,1,0.323190,0.000000
6,0.062500,agent,bluegill,4,0.680929,0.694472,0.995800,1,0.300000,0.000000
6,0.062500,agent,bluegill,5,0.679861,0.697292,0.995800,1,0.300000,0.000000
6,0.062500,agent,bluegill,6,0.526539,0.739061,1.715800,1,0.311511,0.000000
6,0.062500,agent,bluegill,7,0.527612,0.742105,1.175800,1,0.300000,0.000000
6,0.062500,agent,bluegill,8,0.528669,0.748187,0.995800,1,0.300000,0.000000
6,0.062500,agent,bluegill,9,0.526847,0.752651,0.995800,1,0.300000,0.000000
6,0.062500,agent,bluegill,10,0.301167,0.662894,1.715800,1,0.310643,0.000000
6,0.062500,agent,bluegill,11,0.292372,0.668195,1.175800,1,0.300000,0.000000
6,0.062500,agent,bluegill,12,0.242106,0.629541,1.535800,1,0.306990,0.000000
6,0.062500,agent,bluegill,13,0.286089,0.664935,0.995800,1,0.300000,0.000000
6,0.062500,agent,bluegill,14,0.255911,0.604559,1.535800,1,0.315090,0.000000
6,0.062500,agent,bluegill,15,0.241063,0.389771,1.715800,1,0.317790,0.000000
6,0.062500,agent,bluegill,16,0.240525,0.389965,0.995800,1,0.300000,0.000000
6,0.062500,agent,bluegill,17,0.250063,0.401818,1.175800,1,0.300000,0.000000
6,0.062500,agent,bluegill,18,0.378351,0.305909,1.715800,1,0.311511,0.000000
6,0.062500,agent,bluegill,19,0.380297,0.302225,1.175800,1,0.300000,0.000000
6,0.062500,agent,bluegill,20,0.378270,0.298576,0.995800,1,0.300000,0.000000
6,0.062500,agent,bluegill,21,0.383440,0.310404,0.995800,1,0.300000,0.000000
6,0.062500,agent,bluegill,22,0.531983,0.252251,1.535800,1,0.308811,0.000000
6,0.062500,agent,bluegill,23,0.529514,0.249087,1.175800,1,0.300000,0.000000
6,0.062500,agent,bluegill,24,0.525820,0.235032,1.175800,1,0.300000,0.000000
6,0.062500,agent,bluegill,25,0.537989,0.262773,0.995800,1,0.300000,0.000000
6,0.062500,agent,bluegill,26,0.713633,0.335839,1.535800,1,0.306111,0.000000
6,0.062500,agent,bluegill,27,0.722106,0.334370,1.175800,1,0.300000,0.000000
6,0.062500,agent,bluegill,28,0.699289,0.402709,1.175800,1,0.300000,0.000000
6,0.062500,agent,bluegill,29,0.707882,0.546272,0.995800,1,0.300000,0.000000
6,0.062500,agent,minnow,30,0.702375,0.544148,1.226700,1,0.075000,0.000000
6,0.062500,agent,minnow,31,0.698790,0.544426,1.046700,1,0.075000,0.000000
6,0.062500,agent,minnow,32,0.707431,0.551060,1.406700,1,0.076600,0.000000
6,0.062500,agent,minnow,33,0.704606,0.552395,1.046700,1,0.075000,0.000000
6,0.062500,agent,minnow,34,0.671514,0.554891,1.226700,1,0.075000,0.000000
6,0.062500,agent,minnow,35,0.668232,0.555953,1.046700,1,0.075000,0.000000
6,0.062500,agent,minnow,36,0.488985,0.641629,1.406700,1,0.081451,0.000000
6,0.062500,agent,minnow,37,0.483224,0.644498,1.046700,1,0.075000,0.000000
6,0.062500,agent,minnow,38,0.500541,0.635757,1.226700,1,0.075000,0.000000
6,0.062500,agent,minnow,39,0.494562,0.637885,1.046700,1,0.075000,0.000000
6,0.062500,agent,minnow,40,0.490329,0.641660,1.046700,1,0.075000,0.000000
6,0.062500,agent,minnow,41,0.491084,0.647396,1.046700,1,0.075000,0.000000
6,0.062500,agent,minnow,42,0.492525,0.644633,1.046700,1,0.075000,0.000000
6,0.062500,agent,minnow,43,0.488094,0.636275,1.046700,1,0.075000,0.000000
6,0.062500,agent,minnow,44,0.428618,0.535647,1.766700,1,0.100000,0.000000
6,0.062500,agent,minnow,45,0.437149,0.491272,1.046700,1,0.075000,0.000000
6,0.062500,agent,minnow,46,0.435295,0.489184,1.046700,1,0.075000,0.000000
6,0.062500,agent,minnow,47,0.433029,0.485995,1.046700,1,0.075000,0.000000
6,0.062500,agent,minnow,48,0.431013,0.481268,1.046700,1,0.075000,0.000000
6,0.062500,agent,minnow,49,0.449406,0.495587,1.046700,1,0.075000,0.000000
6,0.062500,agent,minnow,50,0.434894,0.455237,1.406700,1,0.081451,0.000000
6,0.062500,agent,minnow,51,0.431966,0.475102,1.226700,1,0.075000,0.000000
6,0.062500,agent,minnow,52,0.429694,0.471903,1.046700,1,0.075000,0.000000
6,0.062500,agent,minnow,53,0.428139,0.467924,1.046700,1,0.075000,0.000000
6,0.062500,agent,minnow,54,0.426901,0.463379,1.046700,1,0.075000,0.000000
6,0.062500,agent,minnow,55,0.412283,0.378903,1.586700,1,0.088485,0.000000
6,0.062500,agent,minnow,56,0.410739,0.373331,1.046700,1,0.075000,0.000000
6,0.062500,agent,minnow,57,0.424397,0.444369,1.046700,1,0.075000,0.000000
6,0.062500,agent,minnow,58,0.424535,0.436758,1.046700,1,0.075000,0.000000
6,0.062500,agent,minnow,59,0.413410,0.380816,1.046700,1,0.075000,0.000000
6,0.062500,agent,minnow,60,0.413203,0.377974,1.046700,1,0.075000,0.000000
6,0.062500,agent,minnow,61,0.423014,0.440764,1.046700,1,0.075000,0.000000
6,0.062500,agent,minnow,62,0.424190,0.435824,1.046700,1,0.075000,0.000000
6,0.062500,agent,minnow,63,0.414349,0.382578,1.046700,1,0.075000,0.000000
6,0.062500,agent,minnow,64,0.389584,0.318115,1.046700,1,0.075000,0.000000
6,0.062500,agent,minnow,65,0.530864,0.275567,1.046700,1,0.075000,0.000000
6,0.062500,agent,minnow,66,0.532875,0.273060,1.046700,1,0.075000,0.000000
6,0.062500,agent,minnow,67,0.544227,0.314433,1.046700,1,0.075000,0.000000
6,0.062500,agent,minnow,68,0.610816,0.355792,1.226700,1,0.075000,0.000000
6,0.062500,agent,minnow,69,0.614215,0.357004,1.046700,1,0.075000,0.000000
6,0.062500,agent,minnow,70,0.616338,0.358788,1.046700,1,0.075000,0.000000
6,0.062500,agent,minnow,71,0.672768,0.412218,1.406700,1,0.083085,0.000000
6,0.062500,agent,minnow,72,0.613181,0.370730,1.046700,1,0.075000,0.000000
6,0.062500,agent,minnow,73,0.617849,0.377877,1.046700,1,0.075000,0.000000
6,0.062500,agent,minnow,74,0.656682,0.414995,1.046700,1,0.075000,0.000000
6,0.062500,agent,minnow,75,0.651097,0.472105,1.046700,1,0.075000,0.000000
6,0.062500,agent,minnow,76,0.656808,0.546774,1.226700,1,0.075000,0.000000
6,0.062500,agent,minnow,77,0.661422,0.552496,1.046700,1,0.075000,0.000000
6,0.062500,agent,minnow,78,0.663247,0.552110,1.046700,1,0.075000,0.000000
6,0.062500,agent,minnow,79,0.660163,0.549763,1.046700,1,0.075000,0.000000
6,0.062500,agent,bass,80,0.685907,0.534414,1.205000,1,1.260000,0.000000
6,0.062500,food,food,0,0.000000,0.171717,0.000000,1,0.000000,0.000000
6,0.062500,food,food,1,0.373737,0.787879,0.000000,1,0.000000,0.000000
6,0.062500,food,food,2,0.747475,0.393939,0.000000,1,0.000000,0.000000
6,0.062500,food,food,3,0.111111,0.000000,0.000000,1,0.000000,0.000000
6,0.062500,food,food,4,0.827326,0.128574,0.000000,1,0.000000,0.000000
6,0.062500,food,food,5,0.858586,0.222222,0.000000,1,0.000000,0.000000
6,0.062500,food,food,6,0.222222,0.838384,0.000000,1,0.000000,0.000000
6,0.062500,food,food,7,0.801538,0.426374,0.000000,1,0.000000,0.000000
6,0.062500,food,food,8,0.969697,0.050505,0.000000,1,0.000000,0.000000
6,0.062500,food,food,9,0.745537,0.798761,0.000000,1,0.000000,0.000000
6,0.062500,food,food,10,0.707071,0.272727,0.000000,1,0.000000,0.000000
6,0.062500,food,food,11,0.070707,0.888889,0.000000,1,0.000000,0.000000
6,0.062500,food,food,12,0.629475,0.204627,0.000000,1,0.000000,0.000000
6,0.062500,food,food,13,0.818182,0.101010,0.000000,1,0.000000,0.000000
6,0.062500,food,food,14,0.181818,0.717172,0.000000,1,0.000000,0.000000
6,0.062500,food,food,15,0.918393,0.591296,0.000000,1,0.000000,0.000000
6,0.062500,food,food,16,0.929293,0.939394,0.000000,1,0.000000,0.000000
6,0.062500,food,food,17,0.650594,0.643330,0.000000,1,0.000000,0.000000
6,0.062500,food,food,18,0.666667,0.151515,0.000000,1,0.000000,0.000000
6,0.062500,food,food,19,0.030303,0.767677,0.000000,1,0.000000,0.000000
6,0.062500,food,food,20,0.749382,0.494858,0.000000,1,0.000000,0.000000
6,0.062500,food,food,21,0.777778,0.989899,0.000000,1,0.000000,0.000000
6,0.062500,food,food,22,0.141414,0.595960,0.000000,1,0.000000,0.000000
6,0.062500,food,food,23,0.515152,0.202020,0.000000,1,0.000000,0.000000
6,0.062500,food,food,24,0.888889,0.818182,0.000000,1,0.000000,0.000000
6,0.062500,food,food,25,0.092746,0.559404,0.000000,1,0.000000,0.000000
6,0.062500,food,food,26,0.626263,0.030303,0.000000,1,0.000000,0.000000
6,0.062500,food,food,27,1.000000,0.646465,0.000000,1,0.000000,0.000000
6,0.062500,food,food,28,0.363636,0.252525,0.000000,1,0.000000,0.000000
6,0.062500,food,food,29,0.737374,0.868687,0.000000,1,0.000000,0.000000
6,0.062500,food,food,30,0.101010,0.474747,0.000000,1,0.000000,0.000000
6,0.062500,food,food,31,0.474747,0.080808,0.000000,1,0.000000,0.000000
6,0.062500,food,food,32,0.848485,0.696970,0.000000,1,0.000000,0.000000
6,0.062500,food,food,33,0.212121,0.303030,0.000000,1,0.000000,0.000000
6,0.062500,food,food,34,0.585859,0.919192,0.000000,1,0.000000,0.000000
6,0.062500,food,food,35,0.959596,0.525253,0.000000,1,0.000000,0.000000
6,0.062500,food,food,36,0.323232,0.131313,0.000000,1,0.000000,0.000000
6,0.062500,food,food,37,0.696970,0.747475,0.000000,1,0.000000,0.000000
6,0.062500,food,food,38,0.060606,0.353535,0.000000,1,0.000000,0.000000
6,0.062500,food,food,39,0.434343,0.969697,0.000000,1,0.000000,0.000000
6,0.062500,food,food,40,0.808081,0.575758,0.000000,1,0.000000,0.000000
6,0.062500,food,food,41,0.171717,0.181818,0.000000,1,0.000000,0.000000
6,0.062500,food,food,42,0.545455,0.797980,0.000000,1,0.000000,0.000000
6,0.062500,food,food,43,0.919192,0.404040,0.000000,1,0.000000,0.000000
6,0.062500,food,food,44,0.282828,0.010101,0.000000,1,0.000000,0.000000
6,0.062500,food,food,45,0.857021,0.893826,0.000000,1,0.000000,0.000000
6,0.062500,food,food,46,0.020202,0.232323,0.000000,1,0.000000,0.000000
6,0.062500,food,food,47,0.393939,0.848485,0.000000,1,0.000000,0.000000
6,0.062500,food,food,48,0.767677,0.454545,0.000000,1,0.000000,0.000000
6,0.062500,food,food,49,0.131313,0.060606,0.000000,1,0.000000,0.000000
6,0.062500,food,food,50,0.505050,0.676768,0.000000,0,0.000000,0.000000
6,0.062500,food,food,51,0.878788,0.282828,0.000000,1,0.000000,0.000000
6,0.062500,food,food,52,0.242424,0.898990,0.000000,1,0.000000,0.000000
6,0.062500,food,food,53,0.251961,0.182928,0.000000,1,0.000000,0.000000
6,0.062500,food,food,54,0.989899,0.111111,0.000000,1,0.000000,0.000000
6,0.062500,food,food,55,0.353535,0.727273,0.000000,1,0.000000,0.000000
6,0.062500,food,food,56,0.727273,0.333333,0.000000,1,0.000000,0.000000
6,0.062500,food,food,57,0.090909,0.949495,0.000000,1,0.000000,0.000000
6,0.062500,food,food,58,0.464646,0.555556,0.000000,0,0.000000,0.000000
6,0.062500,food,food,59,0.838384,0.161616,0.000000,1,0.000000,0.000000
6,0.062500,food,food,60,0.202020,0.777778,0.000000,1,0.000000,0.000000
6,0.062500,food,food,61,0.904660,0.112186,0.000000,1,0.000000,0.000000
6,0.062500,food,food,62,0.949495,1.000000,0.000000,1,0.000000,0.000000
6,0.062500,food,food,63,0.850551,0.864223,0.000000,1,0.000000,0.000000
6,0.062500,food,food,64,0.686869,0.212121,0.000000,1,0.000000,0.000000
6,0.062500,food,food,65,0.050505,0.828283,0.000000,1,0.000000,0.000000
6,0.062500,food,food,66,0.644917,0.864376,0.000000,1,0.000000,0.000000
6,0.062500,food,food,67,0.797980,0.040404,0.000000,1,0.000000,0.000000
6,0.062500,food,food,68,0.161616,0.656566,0.000000,1,0.000000,0.000000
6,0.062500,food,food,69,0.108676,0.454787,0.000000,1,0.000000,0.000000
6,0.062500,food,food,70,0.909091,0.878788,0.000000,1,0.000000,0.000000
6,0.062500,food,food,71,0.756066,0.747215,0.000000,1,0.000000,0.000000
6,0.062500,food,food,72,0.646465,0.090909,0.000000,1,0.000000,0.000000
6,0.062500,food,food,73,0.010101,0.707071,0.000000,1,0.000000,0.000000
6,0.062500,food,food,74,0.383838,0.313131,0.000000,0,0.000000,0.000000
6,0.062500,food,food,75,0.757576,0.929293,0.000000,1,0.000000,0.000000
6,0.062500,food,food,76,0.121212,0.535354,0.000000,1,0.000000,0.000000
6,0.062500,food,food,77,0.494949,0.141414,0.000000,1,0.000000,0.000000
6,0.062500,food,food,78,0.868687,0.757576,0.000000,1,0.000000,0.000000
6,0.062500,food,food,79,0.232323,0.363636,0.000000,1,0.000000,0.000000
6,0.062500,food,food,80,0.606061,0.979798,0.000000,1,0.000000,0.000000
6,0.062500,food,food,81,0.979798,0.585859,0.000000,1,0.000000,0.000000
6,0.062500,food,food,82,0.343434,0.191919,0.000000,1,0.000000,0.000000
6,0.062500,food,food,83,0.717172,0.808081,0.000000,1,0.000000,0.000000
6,0.062500,food,food,84,0.080808,0.414141,0.000000,1,0.000000,0.000000
6,0.062500,food,food,85,0.454545,0.020202,0.000000,1,0.000000,0.000000
6,0.062500,food,food,86,0.828283,0.636364,0.000000,1,0.000000,0.000000
6,0.062500,food,food,87,0.191919,0.242424,0.000000,1,0.000000,0.000000
6,0.062500,food,food,88,0.565657,0.858586,0.000000,1,0.000000,0.000000
6,0.062500,food,food,89,0.939394,0.464646,0.000000,1,0.000000,0.000000
6,0.062500,food,food,90,0.303030,0.070707,0.000000,1,0.000000,0.000000
6,0.062500,food,food,91,0.199622,0.791986,0.000000,1,0.000000,0.000000
6,0.062500,food,food,92,0.040404,0.292929,0.000000,1,0.000000,0.000000
6,0.062500,food,food,93,0.414141,0.909091,0.000000,1,0.000000,0.000000
6,0.062500,food,food,94,0.787879,0.515152,0.000000,1,0.000000,0.000000
6,0.062500,food,food,95,0.151515,0.121212,0.000000,1,0.000000,0.000000
6,0.062500,food,food,96,0.522172,0.051241,0.000000,1,0.000000,0.000000
6,0.062500,food,food,97,0.898990,0.343434,0.000000,1,0.000000,0.000000
6,0.062500,food,food,98,0.262626,0.959596,0.000000,1,0.000000,0.000000
6,0.062500,food,food,99,0.636364,0.565657,0.000000,0,0.000000,0.000000
6,0.062500,food,food,100,0.000000,0.171717,0.000000,1,0.000000,0.000000
6,0.062500,food,food,101,0.373737,0.787879,0.000000,1,0.000000,0.000000
6,0.062500,food,food,102,0.747475,0.393939,0.000000,1,0.000000,0.000000
6,0.062500,food,food,103,0.111111,0.000000,0.000000,1,0.000000,0.000000
6,0.062500,food,food,104,0.484848,0.616162,0.000000,0,0.000000,0.000000
6,0.062500,food,food,105,0.858586,0.222222,0.000000,1,0.000000,0.000000
6,0.062500,food,food,106,0.222222,0.838384,0.000000,1,0.000000,0.000000
6,0.062500,food,food,107,0.556352,0.034516,0.000000,1,0.000000,0.000000
6,0.062500,food,food,108,0.969697,0.050505,0.000000,1,0.000000,0.000000
6,0.062500,food,food,109,0.333333,0.666667,0.000000,0,0.000000,0.000000
6,0.062500,food,food,110,0.707071,0.272727,0.000000,1,0.000000,0.000000
6,0.062500,food,food,111,0.070707,0.888889,0.000000,1,0.000000,0.000000
6,0.062500,food,food,112,0.444444,0.494949,0.000000,0,0.000000,0.000000
6,0.062500,food,food,113,0.818182,0.101010,0.000000,1,0.000000,0.000000
6,0.062500,food,food,114,0.181818,0.717172,0.000000,1,0.000000,0.000000
6,0.062500,food,food,115,0.127750,0.996033,0.000000,1,0.000000,0.000000
6,0.062500,food,food,116,0.929293,0.939394,0.000000,1,0.000000,0.000000
6,0.062500,food,food,117,0.292929,0.545455,0.000000,0,0.000000,0.000000
6,0.062500,food,food,118,0.666667,0.151515,0.000000,1,0.000000,0.000000
6,0.062500,food,food,119,0.030303,0.767677,0.000000,1,0.000000,0.000000
6,0.062500,food,food,120,0.427717,0.823054,0.000000,1,0.000000,0.000000
6,0.062500,food,food,121,0.777778,0.989899,0.000000,1,0.000000,0.000000
6,0.062500,food,food,122,0.141414,0.595960,0.000000,1,0.000000,0.000000
6,0.062500,food,food,123,0.515152,0.202020,0.000000,1,0.000000,0.000000
6,0.062500,food,food,124,0.888889,0.818182,0.000000,1,0.000000,0.000000
6,0.062500,food,food,125,0.116916,0.211280,0.000000,1,0.000000,0.000000
6,0.062500,food,food,126,0.626263,0.030303,0.000000,1,0.000000,0.000000
6,0.062500,food,food,127,1.000000,0.646465,0.000000,1,0.000000,0.000000
6,0.062500,food,food,128,0.363636,0.252525,0.000000,1,0.000000,0.000000
6,0.062500,food,food,129,0.737374,0.868687,0.000000,1,0.000000,0.000000
6,0.062500,food,food,130,0.101010,0.474747,0.000000,1,0.000000,0.000000
6,0.062500,food,food,131,0.474747,0.080808,0.000000,1,0.000000,0.000000
6,0.062500,food,food,132,0.848485,0.696970,0.000000,1,0.000000,0.000000
6,0.062500,food,food,133,0.212121,0.303030,0.000000,1,0.000000,0.000000
6,0.062500,food,food,134,0.585859,0.919192,0.000000,1,0.000000,0.000000
6,0.062500,food,food,135,0.959596,0.525253,0.000000,1,0.000000,0.000000
6,0.062500,food,food,136,0.323232,0.131313,0.000000,1,0.000000,0.000000
6,0.062500,food,food,137,0.696970,0.747475,0.000000,1,0.000000,0.000000
6,0.062500,food,food,138,0.060606,0.353535,0.000000,1,0.000000,0.000000
6,0.062500,food,food,139,0.434343,0.969697,0.000000,1,0.000000,0.000000
6,0.062500,food,food,140,0.808081,0.575758,0.000000,1,0.000000,0.000000
6,0.062500,food,food,141,0.171717,0.181818,0.000000,1,0.000000,0.000000
6,0.062500,food,food,142,0.545455,0.797980,0.000000,1,0.000000,0.000000
6,0.062500,food,food,143,0.919192,0.404040,0.000000,1,0.000000,0.000000
6,0.062500,food,food,144,0.282828,0.010101,0.000000,1,0.000000,0.000000
6,0.062500,food,food,145,0.656566,0.626263,0.000000,0,0.000000,0.000000
6,0.062500,food,food,146,0.020202,0.232323,0.000000,1,0.000000,0.000000
6,0.062500,food,food,147,0.393939,0.848485,0.000000,1,0.000000,0.000000
6,0.062500,food,food,148,0.767677,0.454545,0.000000,1,0.000000,0.000000
6,0.062500,food,food,149,0.131313,0.060606,0.000000,1,0.000000,0.000000
6,0.062500,food,food,150,0.505050,0.676768,0.000000,0,0.000000,0.000000
6,0.062500,food,food,151,0.878788,0.282828,0.000000,1,0.000000,0.000000
6,0.062500,food,food,152,0.242424,0.898990,0.000000,1,0.000000,0.000000
6,0.062500,food,food,153,0.394940,0.305429,0.000000,1,0.000000,0.000000
6,0.062500,food,food,154,0.989899,0.111111,0.000000,1,0.000000,0.000000
6,0.062500,food,food,155,0.353535,0.727273,0.000000,1,0.000000,0.000000
6,0.062500,food,food,156,0.727273,0.333333,0.000000,1,0.000000,0.000000
6,0.062500,food,food,157,0.090909,0.949495,0.000000,1,0.000000,0.000000
6,0.062500,food,food,158,0.464646,0.555556,0.000000,0,0.000000,0.000000
6,0.062500,food,food,159,0.838384,0.161616,0.000000,1,0.000000,0.000000
6,0.062500,food,food,160,0.202020,0.777778,0.000000,1,0.000000,0.000000
6,0.062500,food,food,161,0.281747,0.971038,0.000000,1,0.000000,0.000000
6,0.062500,food,food,162,0.949495,1.000000,0.000000,1,0.000000,0.000000
6,0.062500,food,food,163,0.731559,0.690298,0.000000,1,0.000000,0.000000
6,0.062500,food,food,164,0.686869,0.212121,0.000000,1,0.000000,0.000000
6,0.062500,food,food,165,0.050505,0.828283,0.000000,1,0.000000,0.000000
6,0.062500,food,food,166,0.046968,0.151830,0.000000,1,0.000000,0.000000
6,0.062500,food,food,167,0.797980,0.040404,0.000000,1,0.000000,0.000000
6,0.062500,food,food,168,0.161616,0.656566,0.000000,1,0.000000,0.000000
6,0.062500,food,food,169,0.298502,0.669729,0.000000,0,0.000000,0.000000
6,0.062500,food,food,170,0.909091,0.878788,0.000000,1,0.000000,0.000000
6,0.062500,food,food,171,0.997497,0.378185,0.000000,1,0.000000,0.000000
6,0.062500,food,food,172,0.646465,0.090909,0.000000,1,0.000000,0.000000
6,0.062500,food,food,173,0.010101,0.707071,0.000000,1,0.000000,0.000000
6,0.062500,food,food,174,0.170568,0.204413,0.000000,1,0.000000,0.000000
6,0.062500,food,food,175,0.757576,0.929293,0.000000,1,0.000000,0.000000
6,0.062500,food,food,176,0.121212,0.535354,0.000000,1,0.000000,0.000000
6,0.062500,food,food,177,0.494949,0.141414,0.000000,1,0.000000,0.000000
6,0.062500,food,food,178,0.868687,0.757576,0.000000,1,0.000000,0.000000
6,0.062500,food,food,179,0.232323,0.363636,0.000000,1,0.000000,0.000000
6,0.062500,food,food,180,0.606061,0.979798,0.000000,1,0.000000,0.000000
6,0.062500,food,food,181,0.979798,0.585859,0.000000,1,0.000000,0.000000
6,0.062500,food,food,182,0.343434,0.191919,0.000000,1,0.000000,0.000000
6,0.062500,food,food,183,0.717172,0.808081,0.000000,1,0.000000,0.000000
6,0.062500,food,food,184,0.080808,0.414141,0.000000,1,0.000000,0.000000
6,0.062500,food,food,185,0.454545,0.020202,0.000000,1,0.000000,0.000000
6,0.062500,food,food,186,0.828283,0.636364,0.000000,1,0.000000,0.000000
6,0.062500,food,food,187,0.191919,0.242424,0.000000,1,0.000000,0.000000
6,0.062500,food,food,188,0.565657,0.858586,0.000000,1,0.000000,0.000000
6,0.062500,food,food,189,0.939394,0.464646,0.000000,1,0.000000,0.000000
6,0.062500,food,food,190,0.303030,0.070707,0.000000,1,0.000000,0.000000
6,0.062500,food,food,191,0.676768,0.686869,0.000000,0,0.000000,0.000000
6,0.062500,food,food,192,0.040404,0.292929,0.000000,1,0.000000,0.000000
6,0.062500,food,food,193,0.414141,0.909091,0.000000,1,0.000000,0.000000
6,0.062500,food,food,194,0.787879,0.515152,0.000000,1,0.000000,0.000000
6,0.062500,food,food,195,0.151515,0.121212,0.000000,1,0.000000,0.000000
6,0.062500,food,food,196,0.525253,0.737374,0.000000,0,0.000000,0.000000
6,0.062500,food,food,197,0.898990,0.343434,0.000000,1,0.000000,0.000000
6,0.062500,food,food,198,0.262626,0.959596,0.000000,1,0.000000,0.000000
6,0.062500,food,food,199,0.636364,0.565657,0.000000,0,0.000000,0.000000
6,0.062500,food,food,200,0.000000,0.171717,0.000000,1,0.000000,0.000000
6,0.062500,food,food,201,0.373737,0.787879,0.000000,1,0.000000,0.000000
6,0.062500,food,food,202,0.747475,0.393939,0.000000,1,0.000000,0.000000
6,0.062500,food,food,203,0.111111,0.000000,0.000000,1,0.000000,0.000000
6,0.062500,food,food,204,0.775506,0.998749,0.000000,1,0.000000,0.000000
6,0.062500,food,food,205,0.858586,0.222222,0.000000,1,0.000000,0.000000
6,0.062500,food,food,206,0.222222,0.838384,0.000000,1,0.000000,0.000000
6,0.062500,food,food,207,0.154088,0.807611,0.000000,1,0.000000,0.000000
6,0.062500,food,food,208,0.969697,0.050505,0.000000,1,0.000000,0.000000
6,0.062500,food,food,209,0.190252,0.960143,0.000000,1,0.000000,0.000000
6,0.062500,food,food,210,0.707071,0.272727,0.000000,1,0.000000,0.000000
6,0.062500,food,food,211,0.070707,0.888889,0.000000,1,0.000000,0.000000
6,0.062500,food,food,212,0.802728,0.507645,0.000000,1,0.000000,0.000000
6,0.062500,food,food,213,0.818182,0.101010,0.000000,1,0.000000,0.000000
6,0.062500,food,food,214,0.181818,0.717172,0.000000,1,0.000000,0.000000
6,0.062500,food,food,215,0.120823,0.303995,0.000000,1,0.000000,0.000000
6,0.062500,food,food,216,0.929293,0.939394,0.000000,1,0.000000,0.000000
6,0.062500,food,food,217,0.657521,0.337992,0.000000,0,0.000000,0.000000
6,0.062500,food,food,218,0.666667,0.151515,0.000000,1,0.000000,0.000000
6,0.062500,food,food,219,0.030303,0.767677,0.000000,1,0.000000,0.000000
6,0.062500,food,food,220,0.647633,0.978423,0.000000,1,0.000000,0.000000
6,0.062500,food,food,221,0.777778,0.989899,0.000000,1,0.000000,0.000000
6,0.062500,food,food,222,0.141414,0.595960,0.000000,1,0.000000,0.000000
6,0.062500,food,food,223,0.515152,0.202020,0.000000,1,0.000000,0.000000
6,0.062500,food,food,224,0.888889,0.818182,0.000000,1,0.000000,0.000000
6,0.062500,food,food,225,0.057527,0.154759,0.000000,1,0.000000,0.000000
6,0.062500,food,food,226,0.626263,0.030303,0.000000,1,0.000000,0.000000
6,0.062500,food,food,227,1.000000,0.646465,0.000000,1,0.000000,0.000000
6,0.062500,food,food,228,0.363636,0.252525,0.000000,1,0.000000,0.000000
6,0.062500,food,food,229,0.737374,0.868687,0.000000,1,0.000000,0.000000
6,0.062500,food,food,230,0.101010,0.474747,0.000000,1,0.000000,0.000000
6,0.062500,food,food,231,0.474747,0.080808,0.000000,1,0.000000,0.000000
6,0.062500,food,food,232,0.848485,0.696970,0.000000,1,0.000000,0.000000
6,0.062500,food,food,233,0.212121,0.303030,0.000000,1,0.000000,0.000000
6,0.062500,food,food,234,0.585859,0.919192,0.000000,1,0.000000,0.000000
6,0.062500,food,food,235,0.959596,0.525253,0.000000,1,0.000000,0.000000
6,0.062500,food,food,236,0.323232,0.131313,0.000000,1,0.000000,0.000000
6,0.062500,food,food,237,0.696970,0.747475,0.000000,1,0.000000,0.000000
6,0.062500,food,food,238,0.060606,0.353535,0.000000,1,0.000000,0.000000
6,0.062500,food,food,239,0.434343,0.969697,0.000000,1,0.000000,0.000000
6,0.062500,food,food,240,0.808081,0.575758,0.000000,1,0.000000,0.000000
6,0.062500,food,food,241,0.171717,0.181818,0.000000,1,0.000000,0.000000
6,0.062500,food,food,242,0.545455,0.797980,0.000000,1,0.000000,0.000000
6,0.062500,food,food,243,0.919192,0.404040,0.000000,1,0.000000,0.000000
6,0.062500,food,food,244,0.282828,0.010101,0.000000,1,0.000000,0.000000
6,0.062500,food,food,245,0.761040,0.771172,0.000000,1,0.000000,0.000000
6,0.062500,food,food,246,0.020202,0.232323,0.000000,1,0.000000,0.000000
6,0.062500,food,food,247,0.393939,0.848485,0.000000,1,0.000000,0.000000
6,0.062500,food,food,248,0.767677,0.454545,0.000000,1,0.000000,0.000000
6,0.062500,food,food,249,0.131313,0.060606,0.000000,1,0.000000,0.000000
6,0.062500,food,food,250,0.952055,0.492630,0.000000,1,0.000000,0.000000
6,0.062500,food,food,251,0.878788,0.282828,0.000000,1,0.000000,0.000000
6,0.062500,food,food,252,0.242424,0.898990,0.000000,1,0.000000,0.000000
6,0.062500,food,food,253,0.863338,0.426801,0.000000,1,0.000000,0.000000
6,0.062500,food,food,254,0.989899,0.111111,0.000000,1,0.000000,0.000000
6,0.062500,food,food,255,0.353535,0.727273,0.000000,1,0.000000,0.000000
6,0.062500,food,food,256,0.727273,0.333333,0.000000,0,0.000000,0.000000
6,0.062500,food,food,257,0.090909,0.949495,0.000000,1,0.000000,0.000000
6,0.062500,food,food,258,0.464646,0.555556,0.000000,0,0.000000,0.000000
6,0.062500,food,food,259,0.838384,0.161616,0.000000,1,0.000000,0.000000
6,0.062500,cover,cover,0,0.131313,0.262929,0.000000,1,0.000000,0.350000
6,0.062500,cover,cover,1,0.565657,0.000000,0.000000,1,0.000000,0.777778
6,0.062500,cover,cover,2,1.000000,0.717172,0.000000,1,0.000000,0.594444
6,0.062500,cover,cover,3,0.424242,0.439242,0.000000,1,0.000000,0.411111
6,0.062500,cover,cover,4,0.858586,0.161313,0.000000,1,0.000000,0.838889
6,0.062500,cover,cover,5,0.282828,0.818485,0.000000,1,0.000000,0.655556
6,0.062500,cover,cover,6,0.717172,0.540556,0.000000,1,0.000000,0.472222
6,0.062500,cover,cover,7,0.141414,0.262626,0.000000,1,0.000000,0.900000
6,0.062500,cover,cover,8,0.575758,0.994798,0.000000,1,0.000000,0.716667
6,0.062500,cover,cover,9,0.000000,0.716869,0.000000,1,0.000000,0.533333
6,0.062500,cover,cover,10,0.434343,0.363939,0.000000,1,0.000000,0.350000
6,0.062500,cover,cover,11,0.868687,0.086010,0.000000,1,0.000000,0.777778
6,0.062500,cover,cover,12,0.292929,0.818182,0.000000,1,0.000000,0.594444
6,0.062500,cover,cover,13,0.727273,0.540253,0.000000,1,0.000000,0.411111
6,0.062500,cover,cover,14,0.151515,0.262323,0.000000,1,0.000000,0.838889
6,0.062500,cover,cover,15,0.585859,0.919495,0.000000,1,0.000000,0.655556
6,0.062500,cover,cover,16,0.010101,0.641566,0.000000,1,0.000000,0.472222
6,0.062500,cover,cover,17,0.444444,0.363636,0.000000,1,0.000000,0.900000
6,0.062500,cover,cover,18,0.878788,0.085707,0.000000,1,0.000000,0.716667
6,0.062500,cover,cover,19,0.303030,0.817879,0.000000,1,0.000000,0.533333
6,0.062500,cover,cover,20,0.737374,0.464949,0.000000,1,0.000000,0.350000
6,0.062500,cover,cover,21,0.161616,0.187020,0.000000,1,0.000000,0.777778
6,0.062500,cover,cover,22,0.595960,0.919192,0.000000,1,0.000000,0.594444
6,0.062500,cover,cover,23,0.020202,0.641263,0.000000,1,0.000000,0.411111
6,0.062500,cover,cover,24,0.454545,0.363333,0.000000,1,0.000000,0.838889
6,0.062500,cover,cover,25,0.888889,0.010404,0.000000,1,0.000000,0.655556
6,0.062500,cover,cover,26,0.313131,0.742576,0.000000,1,0.000000,0.472222
6,0.062500,cover,cover,27,0.747475,0.464646,0.000000,1,0.000000,0.900000
6,0.062500,cover,cover,28,0.171717,0.186717,0.000000,1,0.000000,0.716667
6,0.062500,cover,cover,29,0.606061,0.918889,0.000000,1,0.000000,0.533333
6,0.062500,cover,cover,30,0.030303,0.565960,0.000000,1,0.000000,0.350000
6,0.062500,cover,cover,31,0.464646,0.288030,0.000000,1,0.000000,0.777778
6,0.062500,cover,cover,32,0.898990,0.010101,0.000000,1,0.000000,0.594444
6,0.062500,cover,cover,33,0.323232,0.742273,0.000000,1,0.000000,0.411111
6,0.062500,cover,cover,34,0.757576,0.464343,0.000000,1,0.000000,0.838889
6,0.062500,cover,cover,35,0.181818,0.111414,0.000000,1,0.000000,0.655556
6,0.062500,cover,cover,36,0.616162,0.843586,0.000000,1,0.000000,0.472222
6,0.062500,cover,cover,37,0.040404,0.565657,0.000000,1,0.000000,0.900000
6,0.062500,cover,cover,38,0.474747,0.287727,0.000000,1,0.000000,0.716667
6,0.062500,cover,cover,39,0.909091,1.000000,0.000000,1,0.000000,0.533333
6,0.062500,cover,cover,40,0.333333,0.666970,0.000000,1,0.000000,0.350000
6,0.062500,cover,cover,41,0.767677,0.389040,0.000000,1,0.000000,0.777778
6,0.062500,cover,cover,42,0.191919,0.111111,0.000000,1,0.000000,0.594444
6,0.062500,cover,cover,43,0.626263,0.843283,0.000000,1,0.000000,0.411111
6,0.062500,cover,cover,44,0.050505,0.565354,0.000000,1,0.000000,0.838889
6,0.062500,cover,cover,45,0.484848,0.212424,0.000000,1,0.000000,0.655556
6,0.062500,cover,cover,46,0.919192,0.944596,0.000000,1,0.000000,0.472222
6,0.062500,cover,cover,47,0.343434,0.666667,0.000000,1,0.000000,0.900000
6,0.062500,cover,cover,48,0.777778,0.388737,0.000000,1,0.000000,0.716667
6,0.062500,cover,cover,49,0.202020,0.110808,0.000000,1,0.000000,0.533333
6,0.062500,cover,cover,50,0.636364,0.767980,0.000000,1,0.000000,0.350000
6,0.062500,cover,cover,51,0.060606,0.490050,0.000000,1,0.000000,0.777778
6,0.062500,cover,cover,52,0.494949,0.212121,0.000000,1,0.000000,0.594444
6,0.062500,cover,cover,53,0.929293,0.944293,0.000000,1,0.000000,0.411111
6,0.062500,cover,cover,54,0.353535,0.666364,0.000000,1,0.000000,0.838889
6,0.062500,cover,cover,55,0.787879,0.313434,0.000000,1,0.000000,0.655556
6,0.062500,cover,cover,56,0.212121,0.035505,0.000000,1,0.000000,0.472222
6,0.062500,cover,cover,57,0.646465,0.767677,0.000000,1,0.000000,0.900000
6,0.062500,cover,cover,58,0.070707,0.489747,0.000000,1,0.000000,0.716667
6,0.062500,cover,cover,59,0.505050,0.211818,0.000000,1,0.000000,0.533333
6,0.062500,cover,cover,60,0.939394,0.868990,0.000000,1,0.000000,0.350000
6,0.062500,cover,cover,61,0.363636,0.591061,0.000000,1,0.000000,0.777778
6,0.062500,cover,cover,62,0.797980,0.313131,0.000000,1,0.000000,0.594444
6,0.062500,cover,cover,63,0.222222,0.035202,0.000000,1,0.000000,0.411111
6,0.062500,cover,cover,64,0.656566,0.767374,0.000000,1,0.000000,0.838889
6,0.062500,cover,cover,65,0.080808,0.414444,0.000000,1,0.000000,0.655556
6,0.062500,cover,cover,66,0.515152,0.136515,0.000000,1,0.000000,0.472222
6,0.062500,cover,cover,67,0.949495,0.868687,0.000000,1,0.000000,0.900000
6,0.062500,cover,cover,68,0.373737,0.590758,0.000000,1,0.000000,0.716667
6,0.062500,cover,cover,69,0.808081,0.312828,0.000000,1,0.000000,0.533333
6,0.062500,cover,cover,70,0.232323,0.970000,0.000000,1,0.000000,0.350000
6,0.062500,cover,cover,71,0.666667,0.692071,0.000000,1,0.000000,0.777778
6,0.062500,cover,cover,72,0.090909,0.414141,0.000000,1,0.000000,0.594444
6,0.062500,cover,cover,73,0.525253,0.136212,0.000000,1,0.000000,0.411111
6,0.062500,cover,cover,74,0.959596,0.868384,0.000000,1,0.000000,0.838889
6,0.062500,cover,cover,75,0.383838,0.515455,0.000000,1,0.000000,0.655556
6,0.062500,cover,cover,76,0.818182,0.237525,0.000000,1,0.000000,0.472222
6,0.062500,cover,cover,77,0.242424,0.969697,0.000000,1,0.000000,0.900000
6,0.062500,cover,cover,78,0.676768,0.691768,0.000000,1,0.000000,0.716667
6,0.062500,cover,cover,79,0.101010,0.413838,0.000000,1,0.000000,0.533333
6,0.062500,cover,cover,80,0.535354,0.060909,0.000000,1,0.000000,0.350000
6,0.062500,cover,cover,81,0.969697,0.793081,0.000000,1,0.000000,0.777778
6,0.062500,cover,cover,82,0.393939,0.515152,0.000000,1,0.000000,0.594444
6,0.062500,cover,cover,83,0.828283,0.237222,0.000000,1,0.000000,0.411111
6,0.062500,cover,cover,84,0.252525,0.969394,0.000000,1,0.000000,0.838889
6,0.062500,cover,cover,85,0.686869,0.616465,0.000000,1,0.000000,0.655556
6,0.062500,cover,cover,86,0.111111,0.338535,0.000000,1,0.000000,0.472222
6,0.062500,cover,cover,87,0.545455,0.060606,0.000000,1,0.000000,0.900000
6,0.062500,cover,cover,88,0.979798,0.792778,0.000000,1,0.000000,0.716667
6,0.062500,cover,cover,89,0.404040,0.514848,0.000000,1,0.000000,0.533333
6,0.062500,cover,cover,90,0.838384,0.161919,0.000000,1,0.000000,0.350000
6,0.062500,cover,cover,91,0.262626,0.894091,0.000000,1,0.000000,0.777778
6,0.062500,cover,cover,92,0.696970,0.616162,0.000000,1,0.000000,0.594444
6,0.062500,cover,cover,93,0.121212,0.338232,0.000000,1,0.000000,0.411111
6,0.062500,cover,cover,94,0.555556,0.060303,0.000000,1,0.000000,0.838889
6,0.062500,cover,cover,95,0.989899,0.717475,0.000000,1,0.000000,0.655556
6,0.062500,cover,cover,96,0.414141,0.439545,0.000000,1,0.000000,0.472222
6,0.062500,cover,cover,97,0.848485,0.161616,0.000000,1,0.000000,0.900000
6,0.062500,cover,cover,98,0.272727,0.893788,0.000000,1,0.000000,0.716667
6,0.062500,cover,cover,99,0.707071,0.615859,0.000000,1,0.000000,0.533333
